-- phpMyAdmin SQL Dump
-- version 5.2.0
-- https://www.phpmyadmin.net/
--
-- Servidor: 127.0.0.1
-- Tiempo de generación: 15-11-2022 a las 03:16:57
-- Versión del servidor: 10.4.25-MariaDB
-- Versión de PHP: 8.1.10

DROP SCHEMA IF EXISTS infonete;
CREATE SCHEMA infonete;
USE infonete;

SET SQL_MODE = "NO_AUTO_VALUE_ON_ZERO";
START TRANSACTION;
SET time_zone = "+00:00";


/*!40101 SET @OLD_CHARACTER_SET_CLIENT=@@CHARACTER_SET_CLIENT */;
/*!40101 SET @OLD_CHARACTER_SET_RESULTS=@@CHARACTER_SET_RESULTS */;
/*!40101 SET @OLD_COLLATION_CONNECTION=@@COLLATION_CONNECTION */;
/*!40101 SET NAMES utf8mb4 */;

--
-- Base de datos: `infonete`
--

-- --------------------------------------------------------

--
-- Estructura de tabla para la tabla `articulo`
--

CREATE TABLE `articulo` (
  `idArticulo` int(11) NOT NULL,
  `titulo` text NOT NULL,
  `subtitulo` text NOT NULL,
  `descripcion` text NOT NULL,
  `latitud` varchar(10) NOT NULL,
  `longitud` varchar(10) NOT NULL
) ENGINE=InnoDB DEFAULT CHARSET=utf8mb4;

--
-- Volcado de datos para la tabla `articulo`
--

INSERT INTO `articulo` (`idArticulo`, `titulo`, `subtitulo`, `descripcion`, `latitud`, `longitud`) VALUES
(1, 'Nuevo homicidio en Caballito', '', '<h2>Homicidio en Rivadavia</h2><h3 style=\"text-align: right; \">lorem ipsum dolor</h3><p style=\"text-align: right;\"><br></p><table class=\"table table-bordered\"><tbody><tr><td>hola</td><td>que</td></tr><tr><td>tal</td><td>infonete</td></tr></tbody></table><p style=\"text-align: right;\"><br></p>', '-34.671002', '-58.488034'),
(2, 'titulo', '', '<h1>asdasadasdads</h1>', '-34.671637', '-58.485545'),
(3, 'super fran', '', '<p>hola este es un comic<img src=\"data:image/png;base64,iVBORw0KGgoAAAANSUhEUgAAAgAAAAIACAYAAAD0eNT6AAAABHNCSVQICAgIfAhkiAAAAAlwSFlzAAAL0AAAC9ABdzF0jwAAABl0RVh0U29mdHdhcmUAd3d3Lmlua3NjYXBlLm9yZ5vuPBoAACAASURBVHic7N13fJbV+T/wz8leZEDYe4NoBSUgiIqjFWytgmwV0QrY9ldHnRUEteIE/Fpr+yoBBBQERKaTIRZkBJTlwChhg6EJSsggCXlyfn88SYSQ8Ty5r3s9z+f9euWl1eQ6R6DPue5zXfc5SmsNInI2pVQ0gAa1fMUCiAQQUfbXqv4+SilV/n1hZeFLABRprfMBFAIoBlBU9lXV3+cDyC77OlnF35/UWpeY8ytBRFIUEwAi+yilIgC0BNAWQJtz/toE5y/u0fbMsM5y8EtikA0gE8CBc7+01pn2TY+ImAAQmUgpFQKgFc5f3M/9azMAIfbMznZnABwEsB+VkgN4E4Qc+6ZGFPiYABAJUUolA/gVgEvK/vorAN3gvqd3p8gEsAfAV2V/3QNgr9a6yNZZEQUIJgBEfirbtu+KXxb58gW/qZ3zChIlAL7HLwnBVwD2aK0P2zorIhdiAkBUC6VUewBXAugHoA+ALvilgY6c4RS8CcEWAJ8D2Ky1/sneKRE5GxMAonMopcIA9MAvC/6V8DbkkbtoAHsBbII3Idiktc6wd0pEzsIEgIKaUioe3qf68gW/N4AYWydFZsnEOQkBgJ18XZGCGRMACiplXfm9AAwEMABATwRvF36wKwCwAcBHAD7WWn9v83yILMUEgAKeUqoJgBvhXfB/A6C+vTMihzqAsmQAwKdlByMRBSwmABRwyur4feFd8AcA6A5A2TopcptiABvhTQY+0lp/Y/N8iMQxAaCAoJRKAHArgN8DuAFAvL0zogBzBN5kYCWA1VrrYpvnQ2QYEwByLaVUPXgX/OHwbvFH2DsjChKnACwDsAjAOjYSklsxASBXKbvI5nfwLvoDAUTZOyMKcicBLIU3GfhMa+2xeT5EPmMCQI5XdhPeTfAu+r8FX9MjZ/ofgCXwJgOfa61LbZ4PUY2YAJAjlb2u9xsAowHcDCDO3hkR+eU4gHcBzNNa77B7MkRVYQJAjqKUagHgHgB/gPcWPSK32wFgBoB3tNan7Z4MUTkmAGQ7pVQovFv7Y+Gt64faOyNnUkohPDwcoaGhCA0NRUhISK1ftX2f1hqlpaUiX2fPnsXZs2ft/mVysnx4ywOpWuutdk+GiAkA2UYp1RbeJ/27ATSzeTq2CwkJQURExHlfkZGRFX8fHh4OpZx9nIHWGsXFxTV+lZayNA7gawCpAN7SWv9s92QoODEBIEsppcIB3AJgHLzv6zt7RRMUGhp63oJeeaEPCwuOCwZLSkpQVFRUbYJQUhJUb9UVwts4mKq13mD3ZCi4MAEgSyilkgH8CcCfATSyeTqmUkohKioKsbGxiImJQUxMDKKiohAaysqGL0pLS1FQUFDxlZ+fj8LCQrunZYXvAPwfgLla66D4DyZ7MQEgUymlOgL4K4C7AETbPB1TnLvYx8bGIjo6GiEhvF9I0rlJQX5+PgoKCgI5KcgC8AaAf2mts+yeDAUuJgBkCqVUPwAPw3tSX8CshpGRkect9jExMVzsbeLxeC7YKSgqKrJ7WpIKAcwFMJ03FZIZmACQmLJu/kEAHgHQ2+bpGBYREXHBYs9tfGc7NynIz89Hfn4+iotdf2y/BrAKwFSt9Ua7J0OBgwkAGVZ2PO89AB4E0M7m6dRZSEgI4uLikJCQgISEBERGRto9JRJQWFiInJwcnD59Grm5uXD5Z942ANMAvMdjh8koJgBUZ0qpeHgX/QcBJNk8nTqJiIioWPDr1avH7fwAV1paitOnT+P06dPIyclx8+7AQQAvAHhTa83DF6hOmACQ38qe+P8fgMcA1Ld5On5RSp33lB8VxbuEgtmZM2cqkoG8vDw37g7sB/AsgLe5I0D+YgJAPlNKRQH4I4An4KJX+cLDw5GQkID4+HjEx8ezjk9V8ng8yM3NRU5ODnJyctx2qmE6gGcALOIlROQrJgBUK6VUBIB7AUyAS07si42NrXjKj4nh5YHkvzNnzlQkA/n5+W7ZHfgawGQAy7RLJkz2YQJA1VJKhQEYA+ApuORiHqUUmjZtikaNGvFJn0Tk5OTgxIkTyM3NtXsq/tgJYJLW+n27J0LOxQSALlB2Fe/t8D5JtLd5OnUSEhKCpKQkJCcnIy6ONwmTf86ePYvs7GxkZ2e7uVEQANIAPKW1XmP3RMh5mADQeZRS/eE9jvRSm6ciJioqCg0bNkT9+vWD5rx9qpucnBxkZ2cjJyfHLVv+vloN4CGt9bd2T4ScgwkAAai4mW8qgMF2z8UsSqmKXYF69erZPR1yiAB62q9NCYB/AXiaNxASwAQg6Cml4gA8Ce95/UFz8k1kZCQaNmyIBg0acFcgSOXk5CArKwunT58OtKf92pwEMAnAf/jqYHBjAhCklPdi+bvgPUykic3TsY1SComJiUhOTkZ8fLzd0yGTFRcX4+TJk8HwtO+LrwE8oLX+1O6JkD2YAAQhpdSV8Nb5e9o9FyeJjIxEcnIyGjRogPDwcLunQ4KC+GnfF8sBPKy13m/3RMhaTACCiFKqFYCXAIywey5OppRCQkICkpOTkZCQYPd0qI74tO+XIgCvApiitc6zezJkDSYAQaDslr6H4D0pjKfi+CEiIqJiVyAiIsLu6VAttNY4ffo0n/br7kcA/09rvdTuiZD5mAAEOKVUdwAzAVxu91wAoG3bthg1ahTef/997N692+7p+OXcXQFvCwU5hVuf9tu3b4+xY8ciPj4eL730Eg4dOmT3lMotA/BnrfWPdk+EzMMEIECVndv/NICHAdje5t6uXTtMmDABo0ePrui637ZtG1JTU7Fw4ULk5bln1zE8PBzJyclITk7mroCN3Pq0Hx4ejltvvRXjxo3D9ddfX5FMnj17FnPnzsXzzz+PAwcO2DxLAEAOgEcBzOSxwoGJCUAAKjvMZwaAjjZPBe3atcPEiRNx5513Vvu6XW5uLt555x2kpqbiiy++sHiGxsTHxyM5ORmJiYncFbCI25/27777bjRqVP1dWiUlJXj77bcxZcoU7Nu3z8IZVuu/AMZqrX+weyIkiwlAAFFKJQJ4BcAfANi6GrVv3x4TJ07EHXfc4dd79jt37kRqairmz5+P06dPmzhDWWFhYRW7ApGRQXOcgmUC7WnfFx6PBwsWLMBzzz2H77//3sRZ+qQQ3muHX9Fal9g9GZLBBCBAKKUGA/gngKZ2zqNDhw6YOHEibr/9dkMH7BQUFGDRokVITU3Fli1bBGdovnr16iE5ORlJSUncFTAo0J/2fVFaWoqFCxfiueeew969e4VmWGe7AdyrtXbXVh1ViQmAyymlmsB7vOcgO+fRsWPHioVf+ha+r7/+GqmpqXjrrbfw88/uOcE0LCwMDRo0QHJyMqKiouyejmu4/Wl//PjxuO6668STv9LSUrz77rt47rnn8PXXX4vG9pMH3nNEntJan7FzImQMEwAXU0r9HsAsAMl2zaFTp06YOHEiRo0aZfr1u4WFhViyZAlSU1OxYcMGU8eSFhcXV7ErEBISYvd0HKm4uBjZ2dk4efKkq572O3TogLFjx2LMmDGGn/Z9obXGe++9h7///e/Ys2eP6ePVYC+A27XWO+2cBNUdEwAXUkrFAJgOYLxdc+jYsSMmTZqEkSNHmr7wVyU9PR2pqamYO3cusrOzLR+/rkJDQyt2BaKjo+2eju3c/LQ/aNAgjBs3zpSnfV9orbFixQpMmDAB335r2yV/xQAmAJjGNwXchwmAyyilLgOwAEBnO8aPj4/HpEmTcP/99zviuNzi4mIsW7YMM2bMwPr1612zgABAbGwskpOTUb9+/aDbFeDTvpySkhK88cYbePrpp3Hq1Cm7pvEpgNFa62N2TYD8xwTAJZRSIQAeAfAcAMtXXqUUxowZgxdeeAGNGze2enifZGRkYObMmXjzzTdx4sQJu6fjs9DQUNSvXx/JycmIiQncgxrd+rQfERFR0clv19O+L7KysjBhwgTMmjULpaWldkzhJwDjtNbv2TE4+Y8JgAsopVoAmAfgWjvG7927N15//XWkpKTYMbzfzp49i1WrVmHGjBlYs2aNXR+GdRITE1OxK2BHacUMbn/av/vuu9GwYUO7p+OzL7/8Evfffz82b95s1xRmw3vLoHtO9wpSTAAcTik1FMB/ACRZPXaTJk3w4osvYvTo0Y596qnNoUOHMGvWLMyePRvHjrlndzIkJKRiVyA2Ntbu6fjN7U/748ePx7XXXuvaP/daa8yfPx+PP/44jh8/bscU9sHbILjNjsHJN0wAHEopFQfgdQBjrB47IiICDzzwAJ566inUq1fP6uFN4fF48OGHH2LGjBn46KOP4PF47J6Sz6KjoysuJHL6roBbn/Y7duxYUdt309N+bfLy8jBlyhRMnz7djt+PEniPI39Ba+2ebbggwgTAgZRSneG9jKOr1WPfdNNNePXVV9GpUyerh7bM0aNHMXv2bMyaNQuHDx+2ezo+CwkJQVJSEpKTkxEXF2f3dCq4+Wm/vJPfzU/7vti3bx8eeughvP/++3YMvxbACK31STsGp+oxAXAYpdStAOYCiLdy3I4dO+LVV1/Fb3/7WyuHtVVpaSlWr16NGTNmYNWqVSgpcc8Jp1FRURW7AkZOXDSCT/vu89FHH+HBBx+042jhQwBu01p/afXAVD0mAA5R1uX/HIAnYOE5/vXq1cPEiRPx4IMPBvXNdpmZmXjzzTcxc+ZM7N+/3+7p+EwpVbErYEW55tyn/ZycHNPHkxJMT/u1OXv2LF577TU8++yzyM3NtXLoQnivGJ5t5aBUPSYADqCUagDvu/2/sXLcm266CampqWjWrJmVwzqa1hrr1q1Damoqli9f7qon28jIyIoLiaR3Bfi0H3iOHDmCe+65B2vXrrV66P8AuF9r7Z4/SAGKCYDNyg72WQqgtVVjxsXFYfr06Rg7dqxVQ7pSVlYW5s6di5kzZyI9Pd3u6fhMKYXExEQkJycjPr7ulSStNXJycpCdne3Kp/3x48ejf//+Qf20XxutNf71r3/hscceQ0FBgZVDpwEYorU+auWgdD4mADZSSo0B8G8Alt0Uc/XVV2POnDlo27atVUMGhP/+979ITU3Fe++9h8LCQrun47PIyMiKo4d9Pbmx/Gk/OzsbZ8+eNXmGcjp27Ihx48bhrrvu4tO+n/bt24e77rrL6rMD/gdguNb6MysHpV8wAbCBUioC3tu0/mjVmFFRUZgyZQoefPDBoDt2VtJPP/2Et956C6mpqfjmm2/sno7PlFJISEhAcnIyEhISLvj3bn7aHzx4cEVtn+qutLQUr7zyCiZNmmRlmccD4HGt9TSrBqRfMAGwmFKqMbyv+PWxasyePXti3rx56NrV8rcKA9rmzZuRmpqKxYsXW719akhERETFrgAAVz7td+rUqaK2X/7fQTK++uorjB49Grt27bJy2MUAxvB6YYtprfll0Re87/UfAKCt+AoLC9PPPPOMPnv2rCbznDp1Sr/xxhu6e/fulvy+ButXRESEHjFihP7000/t/i0PeMXFxXrixIk6NDTUyt/jLQAaagd8VgfLF3cALKKUuhbeZr9EK8a76KKL8NZbb+Gyyy6zYjgqs337dqSmpuKdd95BXh6PQpfAp337bNu2DaNHj7ayCXY/gIFaa8sPKghKdmcgwfAFYDS892abnkWHhIToRx55RBcWFmqyT25urp4xY4bu2bOn7U/Obvwqf9pfv3693b+VQa+goEA/8MADWill1e//SQBXaQd8dgf6F3cATKaUehrAZCvGateuHebMmYOrrrrKiuHIR7t27UJqairmz5/vqgY7O3Tq1Kmik59P+87y2WefYcyYMTh06JAVwxXB2xOw0IrBghUTAJOUdfrPBHCnFeONGTMGr7/+uqPOiKfzFRQUYPHixZgxYwa2bNli93QcIzIysqKTv3///nZPh2qQm5uLcePGYeFCS9ZlDWCC1voFKwYLRkwATKCUSoS307+/2WNFRETgtddew3333Wf2UCTom2++wYwZM/DWW2/h559/tns6tujcuTPGjh3Lp30XevXVV/HYY49ZdX9GKoA/aa3dc1mHSzABEKaUagvgA1hwk1/z5s2xZMkSXHHFFWYPRSYpLCzEe++9hxkzZmDDhg12T8d05U/748ePxzXXXGP3dMiADRs2YNiwYThx4oQVw30CYKjW2tLLCwIdEwBBSqnLAXwIoJHZY1199dVYvHgxGjdubPZQZJH09HSkpqZi7ty5yM7Otns6ojp37lxR22/QoIHd0yEhx44dw9ChQ60qae2G9w2BH60YLBgwARCilOoH75O/6df4PvDAA5g6dapt18CSuYqLi7F8+XLMmDEDn376Kdz6/9HIyEjcdtttGDduHJ/2A1hxcTEefPBB/Pvf/7ZiuAwA12utLelEDHRMAAQopX4NYDmAGDPHiYmJwYwZM3D77bebOQw5SEZGBmbOnIk5c+YgMzPT7un4hE/7wWnu3Lm47777rLgr4wiAGzTPCjCMCYBBSqlbACwCEGnmOO3atcPSpUtx6aWXmjkMOVRJSQlWrlyJ1NRUrF69GqWlpXZP6Tx82icA2LlzJwYPHoyDBw+aPdQJAL/WWn9l9kCBjAmAAUqpkQDmATB1L37AgAFYsGABkpKSzByGXOLQoUOYNWsWZs+ejWPHjtk6ly5dulR08vNpnwDvhVmjRo3CJ598YvpQAAZorbebPVCgYgJQR0qpewH8B4BpV+sppTBhwgQ888wzvMGPLuDxePDhhx8iNTUVH374ITwejyXjlj/tjx8/HldffbUlY5K7lJaWYtKkSXj++efN7mHJBfA7rXXgv0JjAiYAdaCUehDAdADKrDHi4+Mxb9483HLLLWYNQQHk2LFjmD17NmbNmmXaSW1dunTBuHHjMHr0aD7tk09WrlyJ0aNHm30C5hkAg7TWpm85BBomAH5SSk0E8Hczx+jSpQtWrFiBTp06mTkMBaDS0lKsXr0aqampWLlypeGDWiIjIzFkyBCMGzeOT/tUJz/88AN+97vf4fvvTe3ZKwYwQmu9zMxBAg0TAD8opV4C8JiZY/Tu3RsffPABn7DIsMcffxwvv/yy4Rgvvvii0IwoWGVnZ+O3v/0ttm3bZuYwHnjvD3jbzEECCQvLPrJi8R8wYADWrVvHxZ9EKGVahYrIL8nJyfj0009x4403mjlMKIC5Sqk7zBwkkDAB8EHZtr+pi/8dd9yBlStXIjY21sxhiIhsERsbi1WrVuGOO0xdn0MAzFFKDTJzkEDBBKAWZQ1/ptb8H3roIcybNw/h4eFmDkNEZKvw8HDMmzcPf/3rX80cJhTAQqWUqdsNgYAJQA3KXvWbbuYYL774IqZPn87tWiIKCkopTJs2Da+88oqZn3sRAJYppdi5WgMmANUoO+TnPzDpVb/Q0FDMnj0bjz/+uBnhiYgc7ZFHHsHcuXPNvNMkGsD7SqkUswZwOyYAVSg73nceTPr1iY6OxrJly3D33XebEZ6IyBXuvPNOrFy5EjExpl2jUg/Ax0qpS8wawM2YAFRSdrHPIph0vG9SUhLWrFmDm2++2YzwRESuMnDgQHz66admvv1UH8AapRQPVqmECcA5yq70XQ6TLvZp1qwZNmzYgCuvvNKM8ERErtS7d298/vnnaNWqlVlDNAawVinV2qwB3IgJQBml1OUAPoBJV/p27twZmzdvxsUXX2xGeCIiV+vSpYvZn5EtAaxTSjU1awC3YQIAQCnVFsCHAOLNiN+zZ098/vnnaN2ayScRUXWaN2+OjRs3om/fvmYN0R7AR0qpemYN4CZBnwAopRLhffJvZEb8Hj16YM2aNUhOTjYjPBFRQElMTMRHH32ElBTTmvcvBfCuUsrUa9zdIKgTAKVUBIBlALqaEb9bt25YvXo1EhMTzQhPRBSQ4uPj8cknn+DSSy81a4gbAfzLrOBuEdQJAICZAPqbEbhjx45Yu3Ytn/yJiOqg/I2prl1NeT4DgLFKqb+ZFdwNgjYBUEo9DeBOM2K3adMG69atQ5MmTcwIT0QUFBo2bIi1a9eiffv2Zg0xRSk1wqzgTheUCYBSajSAyWbEbt68OdatW4eWLVuaEZ6IKKg0a9YM69atM+sVQQXv5UFXmRHc6YIuAVBKXQvv1r+4Ro0aYe3atWjXrp0Z4YmIglLr1q2xbt06NG1qyht8kQCWB+NBQUGVACilugJYCkD82r369etjzZo16NKli3RoIqKg16FDB6xduxYNGzY0I3x9eF8PNCW4UwVNAqCUagzvu/7iLfnlHau/+tWvpEMTEVGZiy66CKtXr0ZSUpIZ4dsBWKmUijYjuBMFRQJwzut+baRjx8bG4sMPP0TPnj2lQxMRUSXdu3fHxx9/jHr1TDnL5woAc8wI7ERBkQAA+D8AfaSDRkVFYeXKlTzbn4jIQr169cIHH3xg1i2Cw5RSD5sR2GkCPgFQSo0B8EfpuBEREXjvvfdw3XXXSYcmIqJaXHXVVVixYgUiI025u+0lpVR/MwI7SUAnAEqpywD8WzpuSEgI3nnnHdx0003SoYmIyEc33HAD3n33XYSGhkqHDgWwSCnVQjqwkwRsAqCUagBvx3+UdOypU6di8ODB0mGJiMhPN998M1599VUzQjcCsKSshywgBWQCoJQKAbAAgPj1e2PHjsVDDz0kHZaIiOroL3/5C+677z4zQvcG8A8zAjtBQCYAAJ4D8BvpoNdeey3eeOMN6bBERGTQ66+/juuvv96M0OOVUveYEdhuAZcAKKVuBfCEdNyOHTtiyZIlCA8XP0OIiIgMCgsLw7vvvotOnUw50O8NpdTlZgS2U0AlAEqpzgDmwnu+s5ikpCS8//77qF+/vmRYIiISVP5ZbcJBQVEA3ivrLQsYAZMAKKXi4D3sJ14yrslZJRERCSrfrQ0LC5MO3RrAwrIes4AQMP8hAF4HIH5x9D//+U+z6kpERGSC6667zqx+rRsA/M2MwHYIiARAKTUUwBjpuA888ADGjx8vHZaIiEw2btw4PPDAA2aEflop1cuMwFZzfQJQdlDDf6TjDhw4ENOmTZMOS0REFpk2bRoGDhwoHTYMwPyysrOruToBKKvFzAMg2vHRrVs3LFy40IzTpYiIyCKhoaFYuHAhunXrJh26A4DXpINazdUJAIBHAFwrGbBhw4ZYtWoV4uNFewmJiMgG8fHxWLVqFZKTk6VD36OUuk06qJVcmwCUnfP/nGTMiIgILF26FG3btpUMS0RENmrbti2WLVuGiAjxU31nKKWaSwe1iisTAKVUDLxH/YqeyvPGG2+gX79+kiGJiMgB+vXrh9dff106bH0A85RSomfPWMWVCQCA6QA6SwYcNmwY7r33XsmQRETkIOPGjcOQIUOkw14H4GHpoFZwXQKglPo9ANF389q0aYMZM2ZIhiQiIgdKTU1F69bi98RNUUr1kA5qNlclAEqpJgBmScYMCwvDggULkJCQIBmWiIgcKDExEfPnz5d+yysC3lcDoyWDms1VCQCAfwEQbeV8+umn0adPH8mQRETkYFdeeSUmT54sHbYrgL9LBzWTaxIApdRgAIMkY/bv3x9/+1vAnOpIREQ+mjBhAq655hrpsA8qpXpKBzWLKxIApVQigH9KxmzQoAHefvtthIS44peAiIgEhYSE4O2335a+5TUUwEyllPhNRGZwy+r3CoCmkgFnzZqF5s1d+/omEREZ1KJFC8yaJdpWBgCXAnhUOqgZHJ8AKKX6A/iDZMw///nPuOWWWyRDEhGRC916663405/+JB12klKqo3RQaY5OAJRSUQBmABA7ZOGSSy7B1KlTpcIREZHLTZs2DRdffLFkyCgAqU4/IMjRCQCApwGIZVHR0dFYuHAhoqKipEISEZHLRUVFYeHChYiOFn2L7xoAjj5dzrEJgFKqO4RPV3r11Vdx0UUXSYYkIqIA0K1bN0yfPl067CtKKdH+NUmOTACUUqEAZsJ777KIwYMHY/x40QMEiYgogNx3330YPHiwZMgEAG9IBpTkyAQAwEMALpcK1rhxY8ycOVMqHBERBaiZM2eicePGkiEHlZ1j4ziOSwCUUq0APCMZs7S0FElJSZIhiYgoACUlJaG0tFQ67D+VUnHSQY1yXAIA4CUAMZIBs7KykJ6eLhmSiIgCUHp6OrKysqTDNgUwQTqoUY5KAJRSVwIYYUbszz//3IywREQUQExcKx5SSrUzK3hdOCYBKHtf8v/Mir9x40azQhMRUYAwMQGIBDDNrOB14ZgEAMBdAEy7RIE7AEREVBuTHxZvVUpdZ+YA/nBEAlDWHPGCmWNkZGQgMzPTzCGIiMjFMjMzkZGRYfYwr5W96m47RyQAAJ4E0MTsQbgLQERE1bFojbgYgCMOpbE9AVBKtQXwVyvGYgJARETVsXCNeFYpZfu76bYnAACmwtscYTo2AhIRUXUsXCMawHvXja1sTQDKrvq17ISk3bt3Iy8vz6rhiIjIJfLy8rB7924rh/yTUsrWy2lsSwCUUiEw8bW/qng8HmzZssXKIYmIyAW2bNkCj8dj5ZBhAF61csDK7NwBuB3ApVYPyj4AIiKqzKa14TdKqV/bMTBgUwKglAoDMNmOsdkHQEREldm4NvzdroHt2gEYA6C9HQOnpaWhpKTEjqGJiMiBSkpKkJaWZtfwvZVSv7NjYMsTAKVUBICnrB63XEFBAXbs2GHX8ERE5DA7duxAQUGBnVN4tuw4fEvZsQNwL4BWNoxbgX0ARERUzgFrQg8Ag6we1NIEQCkVBQdcicg+ACIiKueQNeGZsrfjLGP1DsAfATSzeMwLbNq0ye4pEBGRQzhkTbgYwHArB7QsAVBKxQJ4wqrxapKVlYX09HS7p0FERDZLT09HVlaW3dMoN9nKi4Ks3AH4fwAaWThejRxQ8yEiIps5bC3oDOAOqwazJAFQSsUDeEwwnuEYDqn5EBGRjSQSAOEG/klKqXDJgNWxagfgQQD1JQLFxMQgISHBcByHZX1ERGQDiYfBxMREjEnHZAAAIABJREFUxMbGCswGANAOwN1SwWpiegJQVvt/UCpes2bNUK9ePcNxMjIykJmZKTAjIiJyo8zMTGRkZBiOExcXh6ZNmwrMqMLfrOgFsGIH4B4AIvcelz/9x8XFSYTjLgARURCTWgPi4uKQkJAguQvQBsBtUsGqY2oCUJbBPCQVrzzDio6ORkiI8akzASAiCl4Sa0BISAiio6MBQHoX4GHJYFUxewdgEIC2EoFiYmKQmJgIwNtwIZFpsRGQiCh4SawBcXFxFU2AwrsAvZRSV0kFq4rZCcAjUoEqZ1YSZYDdu3cjLy/PcBwiInKXvLw87N6923CcymuR8C6A2BpaFdMSAKVUPwC9JWKd+/RfTiIB8Hg82LJli+E4RETkLlu2bIHH4zEcp/JalJCQgJiYGMNxy9yslOokFawyM3cAxOoXVWVU5267GME+ACKi4CP1/n9VW/7NmomdeK8A/FUqWGWmJABKqY4Afi8RKzo6+oKnf+D8xgsj2AdARBR8JD77Y2JiqmxIF94FuEsp1VAq2LnM2gH4q1TsmjIpiTJAWloaSkpKDMchIiJ3KCkpQVpamuE4Na1Bgr0AUQD+JBXsXOIJgFIqGcBdErGqe/ovJ5EAFBQUYMeOHYbjEBGRO+zYsQMFBQWG49S0BiUmJkruAvxZKRUlFaycGTsAfwJgfG8etWdQPBCIiIj8JXkAUE0EdwEaQujB+lyiCUDZBQZ/logVHR2NpKSaDxAMDw9HZGSk4bHYB0BEFDwkPvMjIyMRFhZW4/ckJiaK9KqVETtSv5z0DsAtELryt1Ej38JI7AJs2rTJcAwiInIHic98X9ceX9cyH3RRSl0tFQyQTwDGSQQJDQ1F/fq+XR4okQBkZWUhPT3dcBwiInK29PR0ZGVlGY7j69pTv379WncK/DBWKhAgmAAopdoCuEEiVnJyss9n/bMPgIiIfGVV/b9cSEgIkpOTRcYEMEQpJXK5HiC7A/AHeA8tMKxhQ99feYyKihLJrtgHQEQU+CQSgLCwMERF+d6U78+aVosoAHdKBRNJAMpu/btbIlZCQoLfjX0SuwDcASAiCnxSFwD5IyIiosZX2v0kVgaQ2gH4LQCRsw/r0jAhkQBkZGQgMzPTcBwiInKmzMxMZGRkGI5TlzVHsBnwYqXUFRKBpBIAkYwkKioK8fHxfv8c+wCIiKg2Vtf/z1WvXj2/yga1EFlzDScASqkWAAYKzKXOdZLqzmP2FxMAIqLAJfEZHxISUucT/gR3AYYrpfx/Wq5EYgfgHgChRoOEhoaiQYMGdfrZ6m5k8hcbAYmIApfEZ3xsbGydb6Jt0KABQkMNL5cAEAtgpNEghhIApVQIvN3/hhn9hZEoA+zevRt5eXmG4xA5wZEjRxwRg8gJ8vLysHv3bsNxjKw1ISEhdX7QrYLhc3eM7gD8BkAro5MAjL8mIZEAeDwebNmyxXAcIjvl5+djxIgRWLBggeFYCxYswIgRI5Cfny8wMyL7bNmyBR6Px3Aco2uNYBngMqXUZUYCGE0ARhv8eQBAfHy84eYIiRIAwD4Acrf9+/ejb9++WLRokVjMRYsWoW/fvti/f79YTCKrSXy2S5SbIyMjkZCQYHguZQytwXVOAJRS0QBuNjJ4OYlDEkJDQ0WuXmQfALnV6tWrkZKSgj179ojH3rNnD1JSUrB69Wrx2ERWkPhsj46OFqnhCx4MNLSsFF8nRnYAbgJgeN89LCxMLBuSKAOkpaWhpKREYDZE1nn55Zdx00034aeffjJtjJ9++gk33XQTXn75ZdPGIDJDSUkJ0tLSDMeReuU8Pj5e6n6AZgD61fWHjSQAww38bIWkpKQ6d1RWJvGbU1BQgB07dgjMhsh8BQUFGDFiBB5//HGR+mZtPB4PHn/8cYwYMQIFBQWmj0ckYceOHSJ/XqUSAKWUzxfe+aDOa3GdEgClVCy8p/8ZJviLwAOBKKjs378fffr0Ea33+2rRokXo06cP+wLIFew8AKg6gmvfkLLj+P1W1x2A3wEwXHCPiIgQ/QUNDw9HRESE4TjsAyCnW7NmjWn1fl+V9wWsWbPGtjkQ+ULiMz0yMhLh4eECs/GKjY31+96bajQC0L8uP1jXBEBk+1/y6b+cREKxadMmgZkQmeOVV17BwIEDTa33++qnn37CwIED8corr9g9FaJqSXymSz6slrO7DOB3AqCUqgeho3/NSADq1atnOEZWVhbS09MFZkMkp7ze/9hjj1lS7/eVx+PBY489xr4AcqT09HRkZWUZjuPwBGCwUsrvrsK67AD8Ht47iQ2Jjo5GdHS00TAXYB8ABaIDBw7YVu/3VXlfwIEDB+yeClEFJ9b/y0VFRUmtgw0AXO/vD9UlAXDs9j/g/QWVeL2CfQDkFGvWrEHPnj1trff7as+ePejZsyf7AsgxJBKAsLAwyZv8ziN4NLDfa7NfCYBSKgHAjf4OUhWzEgBA5lRA7gCQEzip3u8r9gWQk0g8zJnx9F8uKSlJKtQgpZRfXfD+7gDcCsBwm31cXJxIt35N8Y3KyMhAZmamwGyI/OfUer+v2BdATpCZmYmMjAzDccxMAATfhkuE934en/mbAPzez++vkplP/wD7AMjd3FDv9xX7AshOTq7/n0uwDODXGu1zAlDWYXiD39O5MI7klkeVYmNjERJi9J4jJgBkPSvr/eHh4aLvNVeHfQFkF4nP8JCQEJF7ZmqSmJgodSLuAH++2Z9Vsi+AeP/mciHBM5CrpZTixUDkOlbW++Pi4tC1a1d07drV9KcbgH0BZA+Jz/DY2Fix4+qrExYWhvh4w8srALRUSnXz9Zv9SQD8yiyqk5iYKBGmVhIfart370ZeXp7AbIiqZ3W9v2HDhujUqVPFDkCnTp0kbyerFvsCyEp5eXnYvXu34ThWJMiAaDOgz+f0WJ4ACN6DXCOJ3zSPx4MtW7YIzIaoalbW+5VSaN26NVq1anXeE41SCq1atULr1q1Nf9IB2BdA1tiyZYtIQm1VAiC0AwD4sVb7lAAopZoA6F7n6ZSJiYmxpOYIsBGQnM/qen/nzp2RnJxc7fckJyejc+fO7AuggCD12S3xWrkvwsPDpXoNriq7sK9Wvu4A3AjA8KOBYIZTq9DQUJETltgHQGawo97vywdZbGws+wIoIEh8dkdHRyM0tE4X7dWJ0A55BIDrfPlGXxMAV23/l5P4EEtLS0NJSYnAbIi89f6RI0faUu/3lR19ASNHjmRfAIkpKSlBWlqa4ThWbf+XE1wjfVqza00AlFIh8PNwgaqEhYVZtpVSTuI3r6CgADt27BCYDQW78nr/woULTR+runq/Pz9vZV/AwoUL2RdAYnbs2CGSUFqdAMTGxkq9JedTI6AvOwC9ABg+uSc+Pt6SD5JzsQ+AnMJp9X5fsS+A3MgtBwBVRahU3lYp1am2b/IlARC5+tfK+n+5iIgIkSOH2QdARji13u8r9gWQ20h8ZkutH/6ysgzgSwLgyvp/OYkPrU2bNgnMhIKNG+r9vmJfALmJxGe2HU//gOhuea0P7zUmAEqpeAA9jc5CsK7hN4nfxKysLKSnpwvMhoLFgQMH0LdvX1fU+/0Zx+q+gL59+7IvgPySnp6OrKwsw3HsSgAE++WuLjvCv1q17QD08eF7amXX0z/APgCyXnm9X+IUstpI1vt9ZWVfwO7du9kXQH5xc/2/nFDJPAZAj5q+obbF/UqJWdhR/y8n9R4n+wDIF1OnTnV1vd9XdvQFTJ061fSxyP0kEgCpc2TqSvChucY1vLYEoJ/R0e14/a8yiQ8p7gBQTcrr/Y8++qjr6/2+Ku8LsGL3wePx4NFHH2VfANVK4mHNzqd/QPTU3BrX8GoTgLLaQW+jo9u5/V9O4jczIyMDmZmZArOhQBOI9X5/58O+AHKCzMxMZGRkGI5jdwIAiO2c13kHoAe8NQRDnPALyT4AMsvatWsDut7vKzv6AtauXWv6WOQugVD/L1evXj2JME2UUu2r+5c1JQAi9X+7t/8B73aKxNPJU089henTp+Pw4cMCsyK3mzp1KgYMGBDw9X5flfcFWDHHn376CQMGDGBfAAEADh8+jOnTp+Opp54yHEsp5Yj/nwnOodq1XGmtq/4XSi0BcJuRUUNDQ9G9u+FLBEWkp6cjLy9PJJZSCr169cKwYcMwZMgQtGrVSiQuuUNBQQH+8Ic/WLLlD3jr/S1btnTElr8vtNY4fPgwsrOzLRlvxIgRmDVrltRNauQShw8fxpIlS7B48WJs27YN1a1l/oqLi0Pnzp1FYhm1e/duibtoUrXW46r6FzUlAD8CaGJk1Pj4eHTs2NFICDHHjh0zpYbPZCC4HDhwAIMGDbJky7/8vXsnbvn7Ijs7G4cPHxb7YK7JpZdeimXLlqFt27amj0X2MWvRP1eTJk3QvHlz8bh1sW/fPuTk5BgN863WultV/6LKBKCsZrDP6KjNmjVD06ZNjYYRkZOTg337DP8n1YjJQGBbu3Ythg8fbsmWf3h4ONq3b++IrUgj8vPzkZGRgbNnz5o+Vv369bFo0SLccMMNpo9F1rFi0T9Xhw4dHNG8DnibGo8dO2Y0jAaQrLW+4IOrugRgNIC5Rkft1KmTVCODYUVFRfj6668tG4/JQGCZOnUqnnjiCUte8YuLi0O7du1sfcVP0tmzZ5GRkYH8/HzTxwoNDcWLL76IRx55xPSxyDxWL/rnuvjiixEZGWnZeDXJzc3F999/LxHqZq31+5X/YXUJwAwAY42MppRC9+7dERJi+CBBw7TW2LdvH06fPm3L+EwG3Iv1fhnsC6Da2Lnon6tevXro2LGjI/4/WFpail27dkn8WryktX6i8j+sLgH4CsDFRkaLiYlB165djYQQc+TIEfzvf/+zexoAmAy4Cev98tgXQOdyyqJfWcOGDR3z2bx3716Jw682aK2vqfwPL0gAlFIRAPIBGLq9xym/gNnZ2Th06JDd06gSkwHnWrt2LUaMGIGTJ0+aPlag1Pt9ZWVfQIMGDbBw4UL2BTiIUxf9ylq2bIlGjRrZPQ2pB9hTWuukyv+wqgTgUgC7jI7Wtm1b1K9f32gYQ3Jzc/HDDz849g/YuZgMOAfr/eZjX0Bwccuify6lFDp06GDrXTaA98wLoZMvW2utzzvEpqoE4E4A84yOZHcjRVFREb777juJdygtx2TAHqz3W4t9AYHNjYt+ZaGhoejSpQuioqJsm0NxcTG++uoriVAXNAJWlQC8AsBQqhweHo5f/epXRkIY4vF48N1336GwsNC2OUhhMmCNgwcP4tZbb2W93wZW9wUsX74cbdq0MX2sYBQIi35lkZGR6NKlC8LCDFXFDdmzZ49EyexJrfUL5/6DqhKAjwHcaGSUxMREtG9f7fHDprK7499MTAbMwXq//fLy8rB//372BbhQIC76ldn9ZsD+/fvx888/Gw2zUGs98tx/UFUCcByAodN7mjdvjiZNDB0iWGdO6vg3E5MBGaz3Owf7AtwjGBb9yuxsbD9x4gSOHj1qNMwFJwKelwAopZIBZBkdxa6TlLKysoLyoh4mA/4rKCjAvffei3feeceS8YK93u8rq/sCRo4ciZkzZ7IvwAfBuOhXZtebAUIn2ZYAiNNaF5X/g8oJwHUA1hkdxY4GQDd1/JuJyUDtWO93vqysLBw5coR9ATbjon8+u94MEGwE7KG1rnjLr3IC8ACA/zMSPSQkBD169DASwm9u7vg3E5OBC7He7x7sC7AHF/2a2fVmwM6dO1FaWmo0zF1a64q3/Cqf02u4dd/qXxSPx4N9+/aJL/4hISFo0aKFaEyraa2RlpaGhx9+GG3atMEVV1yB6dOnB2WZBACmTZuGAQMGWLL4x8XFoWvXrlz8DbDy1/DkyZMYMGAApk2bZvpYTnT48GFMnz4dV1xxBdq0aYOHH34YaWlprl/8zdiuN2vNqY3Q2nreGu/qBEBrjf3795vyut+UKVNw+PBhbN26FX/9619d//QczMlAQUEBRo0ahUceecSSZr+GDRuiU6dObPYTEB4ejs6dO1tSQvF4PHjkkUcwatQoiaNXHS9QF/1mzZrhL3/5CzZs2IAff/wRf/vb38THKCoqwv79+y39tRJaWy85939UlACUUiEA8gBEG4lu5RXAZnX833nnnZg378KzkNLS0vDuu+/i3XffDZiFM9DLBKz3Bw72BRgXqNv7zZo1w2233YZhw4bhyiuvPK/ZVmuNwYMHY/ny5eLjJicno3Xr1uJxqyJ0NXCm1rpigT43AWgDwPB5g+3bt0diYqLRMLUyq+O/T58+WL9+fa1NjOXJwJIlSxx714C/Ai0ZYL0/8LAvwH+BvOgPGTIEQ4cOvWDRryw/Px9XXnmlKQ8CVr0ZcOrUKWRkZEiEStRa5wDnJwD9Aaw3Grlbt26mlwHM6vhv1aoVtm3bhsaNG/v1c0wGnGfatGl4/PHH+X5/ALL6vICXXnoJDz/8sOljSeKif6EjR44gJSUFJ06cEJ2TVW8GFBYW4ptvvpEIVfEmwLkJwN0AZhuJqpRCjx49TH3X2ayO/9jYWGzatAmXXnqpoTjbtm3D4sWLmQzYhO/3BweeF3ChQF30mzdvjttuu61Oi35lW7duRf/+/VFUVFT7N/vBijcDtNbYuXOnxO/rYK31MuD8BOAZAJOMRI2OjsZFF11kdHLVMuuMf6UUli5diltvvVU07rZt2yp6BpgMmO/gwYMYNGgQdu0yfJllrVjvdwYr+wK6d++OZcuWOaovINAX/WHDhqFv376iCfb8+fNxxx13iMUrZ8WdAd9++y3OnDljNMzDWuvpwPkJwDwAdxqJmpSUhHbt2hmdXJXMPOP/hRdewBNPPCEe91xMBsy1bt06DB8+nPX+IGR1X8CiRYtw/fXXmz5WdQJ50S/f3pde9CubMGECnn/+efG4Zt8ZIHQnwD+11n8Bzk8ANgC4ykjUpk2bolmzZkYnVyWzOv7vuOMOvPXWW+Jxa1KeDCxZsgQHDx60dGyz2JkMsN5Pgd4XwEVfltYat912G5YtWyYe28w3A3788UccP37caJgPtNa/A85PAI4AMHTyTbt27ZCUlGR0chewu+PfTNu3b6/oGWAy4B/W++lcgdYXwEXfXPn5+ejXr58pJUOz3gz4+eefsX//fqNh9mqtLwLKEgClVASAM7jwYCC/XHTRRYiONnSMwAWc1vFvpu3bt1eUCZgM1Iz1fqqOm/sCAnXRb9GiRUVNv0+fPo5Jot32ZsCZM2fw7bffGg6jtY4BfkkA2gMwfNXQpZdeKtoAUVRUhL1794pv7Up1/JuJyUD1WO+n2ripLyCQF/3yJ30nLfqVbd26Fddee614c7kZbwaUlJRInWXQVGudWZ4A3ABgjZFoSilcdtllEhMD4L6OfzOVJwNLlizBgQOGz2pyhLomA6z3k6+c3BfARd9Z3PRmwI4dOyT+vPTVWm8pTwDuBZBqJFpERAQuueSS2r/RB2Z2/D///POmnA1tlS+++KKiZyCYkgHW+6kunNQXwEXf2dzyZsBXX32F4uJio2Fu11ovKE8ApgB40ki02NhYdOnSxeikAJjX8X/77bfj7bffFo9rly+++KKiTBDIyQDr/WSUXX0Bgb7oDxs2DFdccYVrF/1zueXNgPT0dOTl5RkNM1FrPaU8AZgPYJSRaFJnAJjV8X/FFVfgs88+s7Xj30yBnAzs27eP9X4yzOq+gA4dOgTUot+yZcuKJ/1AWfQrc8ObAUJnAczSWt9bngCsA3CdkWiNGjVCy5YtDc3IrI7/li1bYvv27Y7q+DfTl19+WVEmEHhlJCiw3h8crOwLCATBsOhXduTIEfTq1QuZmZmicaXeDBDaIf9Aa/278gRgFwBDLfHNmzdHkyZN6vzzZnb8f/755+jevbtoXLf48ssvK3YGmAxUjfX+4GJ1X4DbBOOiX1laWhr69+/vyDcDhK4FTtNaX1GeABg+BKhNmzZo0KBBnX7WzI7/9957D4MGDRKN61ZMBs7Hen9ws7IvwOnKF/1hw4ahd+/eQbnoV7ZgwQLcfvvt4nGNvhlw8uRJiVfDM7TWHcoTgAIAhk7w6dixY522Nszs+J8yZQqefNJQb2PACvZkgPV+AqztC3CaVq1aVTzpc9Gv2sSJEzFlyhTxuEbeDMjNzcX3339vdAo5WutEBe/CX2A0Wrdu3eq0rcGOf/vt2LEDixcvDppkgPV+Olcw9QVw0feP1hpDhgzB0qVLxWPX9c2AwsJCfPPNNxJTCFfwbv0fMRqpe/fuCA0N9etnzOr47927Nz777DNT72YOVDt27KjYGcjIyLB7OuJY76eqBHJfABd9Y/Lz83HVVVdh586d4rHr8maAx+ORekuhiYK3+c9QtJCQEPTo0cOvnzGz43/btm2GGhLJK5CSAaUUWrduXec+FQoOgdIXUL7oDxs2DL169eKib9DRo0eRkpLimDcDdu7cidLSUqPDX6zgff1vnZEokZGRuPjii33+fjM7/jdu3Oh3MkK1c3MywHo/+cOtfQGtWrXC0KFDK570SZaT3gz4+uuvUVRUZHToaxSAoQAWG4kSFxeHzp07+/S9Znb8L1myBIMHDxaNSxfauXNnRc+A05MB1vupLtzSF9C6devztvfJXE55M0DoNMDbFID7APzbSJSEhAR06NCh1u8zs+P/ueeew4QJE8TjUs127txZsTOwb5/hCyVFsd5PRji1L6B80S/f3idrOeHNgH379iEnJ8fokOMVgAkAnjMSxddjgA8fPoysrCwjQ1Vp1KhRmD9/vnhc8o9TkgHW+0mSE/oCWrduXbG9z0XfXk54M0DoOOAnFYDpAB4yEqVBgwZo06ZNjd/Djv/gYlcyEBERgXbt2rHeT6Ls6Avgou9cBQUF6Nevn21vBhw8eFDifpTpCsBcAKONRGnYsGGN97mb1fHfokULbN++nR3/Drdr166KngGzk4HWrVvzZD8yRXZ2Ng4dOmTqGG3atKmo6XPRdzYz3wxo3749EhISqv0eod30eQrAEgC3GYnSuHFjtGhR9UnCZnX8x8TE4PPPP2fHv8vs2rWrYmfghx9+EI8vee0m0bkOHTpkSj9A+aI/bNgwpKSkiMcn82zbtg3XXHON5W8GHD16FCdOnDA6zHshAAzfjxsSElLlP/d4PNi3b5/44q+Uwrx587j4u1D37t0xZcoUfP/999i5cyeefPJJdOzYUSx+bm6uWCyic0n+2WrTpg0effRRbNu2DQcOHMArr7zCxd+FevXqhdmzZ4vHLV87S0pKqvz31a25fooMARBhNEpVk9FaY//+/eKZEQA8++yzuO02Q5sW5ACVkwGJVziLiopQXFwsMDuiXxQXF0u8d43BgwdXLPovv/wyF/0AMHLkSEycOFE8blFREfbv319l6dzfU3erEREK4F4AbYxESUpKuqDp6siRIxJdihcYOXIkXnvtNfG4ZK8mTZqgZcuWItl0TEwMYmJiBGZF5JWTk4NTp04ZjjNv3jwu+gHo2muvxddff429e/eKxi0uLsbZs2eRmJh43j8/c+aMxGuAR00pAWRlZZnyup9Z2y3kDCkpKSLd+wIHZBCdR2L7PyEhgWXLAFVelr7sssvEY2dnZ19wYZ5jSwC5ubk4csTw3UIXaNGiBZYvX87X/QJYeHg4+vbtazgO+wBImsSfqX79+klt3ZIDxcTEYMWKFWjatKl47KNHj573xC+UAESI7gAUFhYiIyND/HU/M39hyVn69+9vOAb7AEiSVP1f4s82OZtZD6paaxw4cKCip05yB0AkAfB4PMjIyDCt49+MrRVyHqkPSe4CkBSpkhITgOBgxZsBjioBKKVM6/h/5pln2PEfRNgHQE7D+j/5a+TIkXjqqafE45a/GSB0v4lMCeD48eOmXPAzYsQIU34RybnYB0BOw/o/1YVZD6+5ubk4duyYRCiZEoAZH7YpKSl48803xeOS87EPgJyC9X+qKzPL10I7nDIlAGnNmzfHihUr2PEfpNgHQE7B+j8ZERMTg5UrVzq1gV2mBCDJ4b9gZAH2AZBTsP5PRjn4gTZSpJVQilIKc+fOZcd/kGMfADkF6/8kwakl7RAAxgtcQp5++mkMGTLE7mmQA7APgOzG+j9JcmBTe1EIAEd8Qg4fPhyTJk2yexrkEOwDILux/k/SnnnmGSc95BYrAJkAGts5i5SUFPz3v/9FdHS0ndMgBym/AKOgoMBQnOTkZLRu3VpoVhRMDh06hOzsbEMxEhIScPLkSZYAqEJBQQGuuuoq7Nixw+6pnLC9BNC8eXMsX76ciz+dJzw8HFdeeaXhONwBoLpi/Z/M4KBGd3tLANHR0VixYgWaNWtm1xTIwdgHQHZh/Z/MVP5mgM0PvsW27QCUd/xffvnldgxPLsA+ALIL6/9kNge8GVBkWwIwefJkDB061I6hySVSUlIQExNjOA7PAyB/8f1/soLNze/2lACGDx+OyZMnWz0suQz7AMgurP+TVZ5++mm7HoatLwH07NnT7m0PchH2AZDVWP8nKymlMGfOHDvK4daWAJo1a+aExgdyEfYBkNVY/yerxcTE2NEQb10JgB3/VBfsAyCrsf5PdrDhlXhrSgDlWxw9e/Y0eygKMOwDIKux/k92sfjNgKIQAPlmjzJp0iQMGzbM7GEoQF1zzTWGY7APgHzB+j/ZzcIm+fwQACfNHGHYsGHs+CdD2AdAVmH9n5zAotfkT5qaAPTs2RNz5syBUsqsISgI9OrVi30AZAnW/8kJLDooz7wEgB3/JCU8PBx9+/Y1HIc7AFQb1v/JKaKjo7Fy5UozG+fNSQDY8U/SeB4AmY31f3Iakx+kzUkA3nzzTXb8kyj2AZDZWP8nJzKxlC6fAEyePBnDhw+XDEnEPgAyHev/5FTDhg0z484A2QRg6NCh7PgnU7APgMzG+j852eTJk6Vfp5dLAC6//HLMnTuXHf9kGvYBkFlY/yenM+FAvZMhWuszAM4YjTR16lR2/JOp2AcSXtPAAAAgAElEQVRAZmH9n9wgOjoar732mkSoM1rrMyFl/8PwLsD//vc/oyGIasQ+ADIL6//kFtnZ2RJhTgKAWAJw6NAhoyGIasQ+ADIL6//kFgcPHpQII5sACE2KqEbsAyBprP+Tm5iRAGQajcYdALIC+wBIGuv/5CZCCUAm8EsCYDgidwDICuwDIGms/5ObCK21B4FfEoADRqNxB4CswD4Aksb6P7mJUAJwABDcAcjLy8PJk6beLEwEgH0AJIf1f3KT06dP4+eff5YIdRAQ3AEAWAYga7APgKSw/k9uIrjGnrcDcARAqdGILAOQFVJSUtgHQCJY/yc3EUoASuFd870JgNa6GMBxo1G5A0BWiIiIYB8AiWD9n9xEaI09XrbmV+wAAGwEJBdhHwAZxfo/uY1kAyBwfgJgODJ3AMgqUh+6LAMEL9b/yW0kXwEEuANALiXVB8AyQPBi/Z/chjsARPD2AfTp08dwHCYAwYv1f3KbAwdkXtgr/xvRHYCcnBwcO3bMaBgin7APgOqK9X9ym+PHj+PUqVMSoczZAQCAXbt2SYQhqhX7AKiuWP8nt9m9e7dUqIPlf3NuAnAYwBmjkQUnSVQjqXsBWAYIPqz/k9sIPVyfgXetB3BOAqC1LgXwjdHo3AEgq7APgOqK9X9yG6G19ZuytR7A+TsAALDHaHTuAJCV2AdA/mL9n9xIaG09b40XTwD27duH/Px8o2GIfMI+APIX6//kNgUFBfjhhx8kQtWYAHxlNHppaSm++spwGCKf9OrVC9HR0YbjsAwQPFj/J7f56quvUFpq+LoeoNIaL74DALAPgKzDewHIX6z/k9sIrqnV7wBorbMB/Gh0BPYBkJXYB0C+Yv2f3EgoAfixbI2vUHkHABDYBeAOAFmJfQDkK9b/yY3MaAAEqk4ADBfwBesVRLViHwD5ivV/cpvS0lLs2SNSnb9gbTdlByA/Px/79u0zGobIJ+wDIF+x/k9uk5GRIfVmnU87ACKpBvsAyErsA6DasP5PbmRWAyBQdQKwF0CJ0ZHYB0BWYh8A1Yb1f3IjobW0BN61/TwXJABa62IA3xkdLS0tzWgIIp+xD4Bqw/o/uZHQWvpd2dp+nqp2AABgi9HRNm/ezO1Usgz7AKg2rP+T2xQXF2PLFsPLMVDNml5dAvC50dHOnDmDrVu3Gg1D5DP2AVB1WP8nN9q2bRsKCgokQlW5pleXAGySGPGzzz6TCEPkE/YBUHVY/yc3ElxDq1zTq0wAtNYZADKNjrh+/XqjIYh8xj4Aqg7r/+RGQglAZtmafoHqdgAAgV2ALVu2oLCw0GgYIp+wD4Cqw/o/uU1xcTE2b94sEaratbymBMBwH0BRUZFUAwORT9gHQJWx/k9utG3bNpw5c0YiVLVruak7AADLAGQt9gFQZaz/kxsJrp112gHYCcBw+yETALIS+wCoMtb/yY2E6v8F8K7lVao2AdBalwAwfAKB4GsMRLWKiIhAnz59DMdhAhA4WP8ntxF8/z+tbC2vUk07AIBAH4BgIwORT9gHQOVY/yc3SktLM73+D9SeALAPgFyHfQBUjvV/ciOz3/8vV1sCsAVAqdEZMAEgK/Xu3Zt9AASA9X9yJ6EEoBS1HOtfYwKgtT4N4Aujs9i+fTufpsgy7AOgcqz/k9sIvj7/RdkaXq3adgAA4GOjsygpKcGnn35qNAyRz9gHQKz/kxtt3LhRqv5f69rtSwLwkcBEsGzZMokwRD5hHwCx/k9uJLhW1rp2K611zd+gVAiALAD1jcykQYMGOHHiBLfSyBLFxcVITEw0nEknJyejdevWQrMiKx06dAjZ2dmGYiQkJODkyZP83CJLaK3RokULHD9+3GionwA01FrX2MNX6w5AWYDVRmdz8uRJbNiwwWgYIp+wD4BY/ye32bp1q8TiDwCra1v8Ad9KAIBAHwAALF++XCIMkU/YBxC8WP8nNxLc/vdpzfY1AfgEQM21Ah+wD4CsxD6A4MX6P7nR0qVLJcJoeNfsWvmUAGitMwHsMjIjADhy5Ai+/PJLo2GIfMLzAIIX3/8nt9mzZw8yMjIkQu0qW7Nr5esOACBUBuAuAFmFfQDBi/V/churt/8BJgAU4NgHEHxY/yc3Etr+B0xKADYDqPFUIV98++23+P77742GIfIJ+wCCD+v/5DYZGRnYs2ePRKjT8K7VPvE5ASi7UnBtXWZUGXcByCrsAwg+rP+T2wiuiWtruv63sjA/g68EMNjPn7nAsmXL8PjjjxsNQ1Sr8j4Ao0dR5+bmoqCgQGhWZCbW/8ltBLf/V/rzzf4mAMsBFAOI8PPnzrNt2zYcP34czZo1MxKGyCf9+/c3nAAUFRVh7969QjMip+P2P1nlxx9/xNatWyVCFcO7RvvMnx4AaK1z4OP7hbXE4aFAZBl+mJO/+GeGrLJ8+XLUdiS/jz4pW6N95lcCUGZRHX7mAgsWLJAIQ1QrqT4ACg6s/5OV5s+fLxXK77W5LgnASgCFdfi582zatAnp6elGwxDVSuo8AAoOrP+TVdLT07Fp0yaJUIXws/4P1CEB0FrnQuiK4NmzZ0uEIaoVt3TJV/yzQlYRXAM/Klub/VKXHQBAqAwwd+5clJT4/MYCUZ3xQ518xT8rZIWSkhLMnTtXKlyd1uS6JgDvAzD8TtSJEyfwwQcfGA1DVKvmzZvbPQVyicaNG9s9BQoCH3zwAU6cOCERqgDeNdlvdUoAtNb5AERW7lmzZkmEIaqWx+PBmDFj7J4GucTtt98Oj8dj9zQowAmufR+Urcl+q+sOACBUBvjoo4+QmenTxUVEdfLUU09h48aNdk+DXGLjxo2YOHGi3dOgAJaZmYmPPhJppQMMrMVGEoAPARg+dFu4DkJ0nk8++QQvvvii3dMgl3nppZdYniTTCPa/5cG7FteJMnIAgVJqAYCRdQ5QplOnTnwlkMQdO3YMPXr0QFZWlt1TIReqX78+du7ciVatWtk9FQownTt3lroU7x2t9ai6/rCRHQAAmGfw5wEA33//PbdoSZTH48HIkSO5+FOd/fTTTxg+fDjOnj1r91QogGzcuFHyRlxDa7DRBGA1gMMGYwDgmQAki3V/krB161Y89thjdk+DAojgWncY3jW4zgyVAABAKTUJwDOGggCIjY3Fjz/+iHr16hkNRUHuk08+wcCBA6XO1ybC0qVLMWjQILunQS6Xm5uLpk2bIj+/Tk37lU3WWj9rJIDRHQAAmA3A8Dsz+fn5WLhwocB0KJgdO3YMd9xxBxd/EnX33Xdj//79dk+DXG7hwoVSi78H3rXXEMMJgNb6KISOBk5NTZUIQ0GqvO6fnZ1t91QowOTk5GDo0KEoKiqyeyrkYoJr3Edla68hhksAAKCU+j2AFYYDAdiwYQOuuuoqiVAUZJ588km88MILojETExORkJAgGpOskZOTg1OnTonG/OMf/4h//etfojEpOGzcuBFXX321VLhbtNZ+X/5TmVQCEApvQ0Izo7FuvvlmrFxp+L+LgszHH3+Mm266SXTrPzExETt37kSbNm3EYpJ1Dh48iMsuuww///yzaNx33nkHI0aMEI1Jge/3v/89Vq1aJRHqOIBWWmvDpXeJHgCUTeRNiVjvv/8+vvvuO4lQFCSOHTuGO++8U7zu/+abb3Lxd7E2bdpg7ty5UEqJxh07dizPLSG/fPfdd3j//Tod11+VNyUWf0AoASgzC4DhT2CtNaZOnSowHQoGZtX9H3jgAdx6662iMcl6N998Mx5++GHRmHl5eRg6dCjOnDkjGpcC19SpU6UeUDS8a60IkRJARTClVgP4tdE4kZGROHjwIJo0aSIwKwpkZtT9U1JS8PnnnyMiIkI0LtmjpKQE/fv3x6ZNm0Tj3nPPPbzMjGqVmZmJNm3aSDWQrtFa/0YiECC7AwAAMySCFBUV4R//+IdEKApgH3/8sfg5/4mJiVi8eDEX/wASFhaGhQsXIjk5WTTu7NmzeY8J1eof//iH5NsjImtsOekdgHAARwE0MhorMTERR44cQVxcnPGJUcA5duwYunfvLr71v2zZMm79BygzDoiKiYnBtm3b0K1bN7GYFDjy8vLQsmVLqbdR/geghdZa7Gxq0R2Asom9IRHr1KlTmDlzpkQoCjCs+1Nd3HjjjZgwYYJozIKCAgwZMgR5eYYvRqUANHPmTMlXUd+QXPwB4R0AAFBKJcP7SmC00VitWrVCRkYGwsLCjE+MAgbr/lRXHo8Hv/71r7F+/XrRuKNGjcL8+fNFY5K7lZSUoH379jh8WOS6nDPwvvon+tQj3QOAsgmKFMYOHz6MxYsXS4SiAMG6PxkRGhqKBQsWiDcYL1iwAP/5z39EY5K7LV68WGrxB4C50os/YMIOAAAopToC+A4CCUb37t2xc+dO45Mi12Pdn6SsX78ev/71r+HxiLxODQCIiorC5s2b0aNHD7GY5F49evTArl27JEKVAuiitf5BIti5xHcAAKBsoiLH+e3atQtr166VCEUuxro/Sbr22mvxzDOGLzE9T2FhIYYNG4bTp0+LxiX3Wbt2rdTiDwArzVj8AZMSgDLTpAK99NJLUqHIpZ566ils3LhRNGZKSgpefvll0ZjkHk8++SRuvPFG0Zj79u3DPffcIxqT3Ed4zRJbSyszpQRQEVyprQB6S8T67LPPcM0110iEIpfhOf9kluzsbPTo0QNHjxq+WO08r732Gu6//37RmOQO//3vf9G/f3+pcGla6yukglVmdgIwBMC7ErGuuOIKbNmyRSIUuQjr/mS2zZs345prrkFJSYlYzIiICGzcuBG9evUSi0nu0KdPH2zdulUq3FCt9RKpYJWZWQIAgGUADkgE2rp1K5YtWyYRilyCdX+yQt++fcVfKy0uLsawYcPEbyIkZ1u2bJnk4n8A3jXUNKbuAACAUuovAETO9e3atSu++uorhIaGSoQjh+P7/mSlW265Rfwq8ptvvhkrVqwQv5GQnMfj8eCSSy7B3r17pULer7V+XSpYVczeAQCA2QBE0uC9e/dizpw5EqHI4fi+P1ltzpw54j0hq1at4u2mQWLOnDmSi//P8K6dpjJ9BwAAlFKTAIi8c9OiRQv88MMPiIqKkghHDsS6P9ll+/bt6NevH4qLi8VihoWFYf369ejXr59YTHKWwsJCdOzYUbKZdLLW+lmpYNWxYgcAAP4PwE8SgY4ePYrXXzd1V4RsxLo/2SklJQXTpsm+dVVSUoIRI0b8//buPTzq6s7j+PvkMuQCISQhiQG5mgCiXFTUbbttbd0q2q2XVmu3VWkFtWjrtRcLVH1c7da2glVRLC1YV7tWi9aqUGSRba1Q0KhgMpM7gQC5JyQkmUkmOfvHTBAkQCDnd5mZ7+t55kn+aD+/Y55hznfOlYaGBqO5wj0ee+wxk51/M6E+03K2jAAAKKV+BBgZ0x01ahSVlZWkp6ebiBMuIvP+wg2uvvpqXnzRyAamg770pS+xdu1a4uLs+t4l7NDa2sqkSZNMLvj8sdbalsNv7HwnPk7oOsMha2lpkcOBopDM+wu3WLlyJfn5+UYz169fz4MPPmg0Uzjv5z//ucnOv55QX2kL20YAAJRSdwCPmMhKTk6mvLycvLw8E3HCYTLvL9zmww8/5Pzzz8fv9xvLjIuLY8OGDVxwwQXGMoVz9u7dy2mnnUZXV5epyDu11ktNhR2P3WNRTwJ7TQR1dXUZP8tbOKO3t5drrrlG5v2Fq8ycOZNf/9rIDuaD+vr6+MY3vkFtba3RXOGM+++/32Tnv5dQH2kbW0cAAJRSC4EnTGQlJCRQVFREQUGBiTjhkHvuucf40L/M+wtTrr32Wv77v//baObnP/95NmzYIGeaRLDS0lKmT59u8gTJW7TWy02FDYYTq1FWAkYuSQ4Gg9xzzz0mooRD1q1bZ3w9h8z7C5Oeeuoppk2bZjRz06ZN3HvvvUYzhb3uuecek53/LkJ9o61sHwEAUErNB35jKm/t2rVcfPHFpuKETWTeX0SK4uJi5syZQ2dnp7FMpRRvvPGGfHZFoHXr1jF37lyTkQu01jFTACQAPmCyibxJkyZRVFQkhwNFkGAwyAUXXMDbb79tNPe2225j2TJbttCKGPPss89y3XXXGc3Mysri/fffZ+zYsUZzhXX8fj/Tp0+nsrLSVGQFMFVrbe42qkFyZENq+D/U2Aq+yspK2V4TYZYsWWK8858zZw4PP/yw0Uwh+l177bXMnz/faGZjYyNf//rXjd5EKKz14IMPmuz8Ae53ovMHh0YAAJRScUAhMNNEnsfjYfv27UyZMsVEnLDQunXruOSSSzD53ktPT+f99983fpa7EIfy+/2cd955bN++3Wju3XffzS9+8QujmcK8kpISZsyYYfKo6A+Bs7TWfaYCT4RjR1KF/4NvN5XX3d3NwoULTcUJi+zZs4drr73WaOcPsGrVKun8heWSkpJ46aWXGDFihNHcX/7yl8ZvIhTmLVy40Og9EcDtTnX+4GABAKC13gSsMZW3ceNGnnvuOVNxwrD+M9Flv7+IZPn5+axcaX691rx589i5c6fxXGHGc889x8aNG01Grgn3gY5xbArgYAOUmgh4gWEm8nJycvD5fHJPgAvJfn8RTW699VaeeMLIkSYHyfvZnVpbW5k6dSp1dXWmIgPANK11lanAk+H4rRThP4CR44EB6urqWLRokak4YYjs9xfR5pFHHuGcc84xmrlt2zbuuusuo5li6BYtWmSy8wd4xOnOH1wwAgCglBoOlAG5JvLi4uLYsmULc+bMMREnhkj2+4toVVVVxVlnnUVra6vR3D/+8Y9cddVVRjPFydm2bRvnn38+fX3GpuprgXyt9QFTgSfL8REAgPAfwtiRfn19fdx888309vaaihQnSeb9RTSbOHEiq1evNp47f/58ysrKjOeKE9Pb28vNN99ssvMHuMcNnT+4pAAIewZ411RYYWEhy5fbeqyyGIDs9xfR7rLLLjM+bN/W1sZVV11l9CZCceKWL19OYWGhych3CfV1ruCKKYB+SqlPA8Z6i7S0NIqKiuSULYesXbuWSy+9VPb7i6gXDAb53Oc+xzvvvGM0d8GCBTz99NNGM8Xg1NTUMH36dNra2kzGfkZr/Q+TgUPhqgIAQCn1B+Aag3mMHz+eqVOnMm3aNKZOnXrw99GjR5t6jPgEmfcXsaampoZZs2bR1NRkNPfZZ5/lW9/6ltFM8bGGhga8Xi8+n+/gT5/PR3V1tenzSv5Ha/0Nk4FD5cYCYByhbYEpVj8rIyPjYFFw6M8JEyYQF+em2ZHIIuf8i1hlxSmXqampbNu2zfiNhLGkr6+PnTt3HtHRe71empub7WhCJ6Ftf0ZuwjXFdQUAgFLqbsCxczGTkpIoKCg4ojAoKCggOTnZqWZFDNnvL2LZokWLeOihh4xmnn766Wzbto2UFMu/F0W0rq4uSkpKjvg2X1pa6vR6ih9orX/pZAMG4tYCIB74J3C20205VFxcHOPGjRtw1CArK8vp5rmCzPuLWNfb28uFF17Ipk2bjOZed911PPOMa9aPOaqxsXHAb/MWDNub8B5wntbaddvSXFkAACilZgHbgASn2zIYmZmZAxYG48ePj5nphJqaGmbPni3z/iLm1dbWMmvWLNOHx7By5UpuuOEGo5lu1T9s/8lv816v1/g6CwsFgTla6w+cbshAXFsAACil/gv4kdPtGIqkpCSmTJky4HRCUlKS080zRub9hTjcxo0b+bd/+zeje8iTk5PZsmULM2bMMJbptK6uLkpLS4/4Nu+CYXsTfq61/rHTjTgatxcAScB2IN/ptpgWFxfH+PHjBxw1yMzMdLp5J0zm/YU40gMPPMBPf/pTo5kFBQW8++67xm8ktFpjY+OA3+arq6tNH7TjFmXADK21a6sYVxcAAEqpzwMbAeVwU2yTlZV11OkEpdz3Z5B5fyEG1tfXx9y5c1m/fr3R3KuvvpoXXnjBaKYJfX19VFdXH/Ft3ufzGZ8adDkNfMHp2/6Ox/UFAIBS6jfAfKfb4bTk5OSD0wmHFgdOTifIvL8Qx9bQ0MDs2bPZs2eP0dzHH3+cW265xWjmYPn9fkpLS4/4Nl9aWkpXV5cjbXKZlVrrBU434ngipQBIB4qBU5xuixvFxcUxYcKEAUcNMjIyLHuuzPsLMThvv/02F1xwAcFg0Fimx+PhnXfe4eyzrdss1dTUNOC3+Z07d0brsL0J+4DTtdZmb4iyQEQUAABKqSuBPzndjkgzevToAQuDcePGDXk6Qeb9hRi8hx9+mB/9yOya5okTJ1JYWEh6evpJZ2itqa6uPuLbvM/no6GhwWBrY8ZXtdZrnG7EYERMAQCglFoDXOF0O6JBSkoKBQUFRxQHBQUFDBs27Lj/f5n3F+LEaK35yle+wmuvvWY09/LLL+fll18+7v/O7/dTVlZ2xLf5kpISGbY352Wt9ZVON2KwIq0AyAV2AHLqjkXi4+OPOp0watQoQOb9hThZLS0tzJ49m+rqaqO5v/rVr7jzzjsBaG5uHvBs+6qqKhm2t1YjcKbWutbphgxWRBUAAEqprwB/drodsSg7O5tp06ZRX1+P1+s1mi3z/iJWbN26lX/913+lu7vbWGZiYiLnn3++DNs76zKt9atON+JERFwBAKCUegq4yel2CDNk3l/Eml//+tfcdtttTjdDmLNCa32z0404UZFaAKQAhcAUp9sihkbm/UWs+trXvsaf/iTrmqNACXCW1rrT6YacqIg8pD78h/4PoMfptoihWbVqlXT+Iib97ne/Y/LkyU43QwxND/Afkdj5Q4QWAABa60JgsdPtECfvtttuk0V/ImalpaXx4osvRtWdIDFocbgvikgROQXQTykVB2wALnC6LeLEyLy/ECErVqzg5psjbvpYwFvAhVrriN1aEdEFAIBSaiyhC4NGmcxNSEggPT0dv9+P3+83eoJXrJN5fyEO981vfpPnn3/e6WZEjfj4eJKSkkhKSqKtrY2eHuOzxS2ELvqpMR1sp4gvAACUUlcBfzSdm5eXxymnhE4fDgaD+P1+urq6DhYFfr/f6FaeWCH7/YU4XEdHB+eccw4+n8/ppkQUj8dzsKM/9JWYmAhAfX09u3fvtuLRV2utX7Qi2E5RUQAAKKVWAfNM506YMOGY1/P29fUdVhAc+oqWv61Jst9fiIEVFRVx7rnn0tkZkevJLKOUGrCTT0pKIi7u6MvYWltbqaiosKJJq7XW37Yi2G7RVAAMB7YC0wznkp+ff8J3b2ut6e7uPlgMHDpy0Nvba7KJEUPm/YU4tmeeeYZ58+Y53QxHHDpsn5ycfPB3j8dzwveWdHR0UFpaasXJh17gXK31AdPBToiaAgBAKTWFUBGQZjI3Pj6eKVOmkJycbCSvp6dnwBGDaJ9O+NznPsdbb7015EuIhIhWfr+fMWPG0Nzc7HRTLHO8YfuhCgQC+Hw+K9ZttRHq/EtMBzslqgoAAKXU5cAawGgv4/F4mDp1qrE36UBiYTrh6aefZsEC11+TLYQjHnroIRYtWuR0M4bsZIfthyoYDFJSUoLf7zcdrYErtdavmA52UtQVAABKqYeAe0znpqSkMGXKFEvfwAPpn0745ALESJxOSE9Pp7i4+ODiSiFESG1tLfn5+Rw4EDmjywkJCQN28iczbD9UfX19lJWVWfX3+5nW+idWBDspWguAOGAt8CXT2SNHjmTy5MmuGcaOxOmEr371q7z00ktON0MIV/nOd77DqlWrnG7GgD45bN8/R5+QkOB00w6qrKykpaXFiuj1wNxI3u9/NFFZAAAopTKB94DxprOzsrIYP954rFGHTiccOnIQCARcMZ0gWwGF+FhhYSFz5sxx9Lpep4btTaipqaGurs6K6GrgbK11kxXhTovaAgBAKXUW8A/A+FmbY8aMITc313Ss5bTWBAKBAUcN7JxOGDNmDMXFxaSlGV2vKURE+uxnP8vf//53W551tGH7YcOG2fJ80xoaGti1a5cV0X7g05F81O/xRHUBAKCUmgdYMq42ceJEMjIyrIh2xCenE/pHDiw4RQuAm2++mSeffNKSbCEixUsvvcRVV11lPNfj8Ry2na7/5aZh+6Hav38/FRUVVo1qfltrvdqKYLeI+gIAQCm1HPiuBbkUFBQwfPhw09Gu0tvbe7Ao2L17t7GRAqUUf/vb3/jMZz5jJE+ISBMIBJg2bRpVVVVG8lJTUxk3blxEDNsPVWdnJyUlJVZNmzyptV5oRbCbRPc75GO3A5tNh2qtKS8vt2LLiavEx8eTmppKZmYmY8eONZartWbBggUEAgFjmUJEkqVLlxrr/AFOPfVUUlJSor7zDwQClJeXW9X5bybUZ0S96H6XhGmtu4ErgJ2ms3t7eykrK3P1qnuTsrKyTvhUxGPx+Xw89NBDxvKEiBS1tbVG3/sZGRmkpqYay3Or7u5uSktLrZqa3AlcEe4zol5MFAAAWus64BKg1XR2/xsyVoqA8ePHG/2G8bOf/YyioiJjeUJEgkWLFtHe3m4kKy4uzujonFt1d3dTUlJi1WdtK3BJuK+ICTFTAABorb3AlYDx0jEQCMRMETBs2DCjB/n09PSwYMECR7dACWGn999/n9WrVxvLy83NtfSUUjewuPPvIXTSn9eKcLeKqQIAQGv9FjDfiuxYKgJycnJISUkxlrd582aWL19uLE8IN7vjjjuMFbwej4ecnBwjWW5lwyjr/HDfEFNirgAA0Fr/HrjfiuxAIGBlleoaSinGjx9v9ETEn/zkJ1bd3S2Ea/zpT3/i//7v/4zljRkzJqoX/fV3/hYuFr4/3CfEnOh91xyH1vo+4FkrsvuHqqJ9dXtKSgrZ2dnG8trb21m4MOp33ogYFggE+MEPfmAsLzU1NarOIvkkGzr/Z8N9QUyK2QIgbD6wyYpgG964rpCXl4fH4zGW99prr/HCCy8YyxPCTZYtW2Z821+0suEzdBMWTQdHipg4COhYlFLpwDvANCvyPR4PBQUFEfbpIEEAABaESURBVHvM5mC0tbVRVlZmLC8nJ4fi4uKo/mYjYk9dXR35+fnGVv5nZGQwceJEI1luY0Pn7wU+pbU2vissksT6CADhN8ClQL0V+bEwEpCWlkZmZqaxvLq6Ou6++25jeUK4weLFi2Xb3yDY8JlZD1wa650/yAjAQUqps4GNgCW30yQmJjJlypSoHQkIBoMUFRURDAaNZf7v//4vX/jCF4zlCeGUDz74gLPPPtvYyv+8vDyjW3HdwobOvw34gtb6PaseEElifgSgX/gNcSnQaUV+T08PJSUlUXtscEJCgvH5yBtvvJGuri6jmUI4Qbb9HZ8NnX8noW/+0vmHSQFwCK3128DlgCXvwJ6eHkpLS6O2CMjIyDB6vW9FRQX33XefsTwhnLBmzRo2bdpkLC8at/31n6FiYecfAC4Pf8aLMJkCGIBS6jLgJcCSezMTExPJz88nOTnZinhHdXd3U1RUZOzbTkJCAlu3bmX27NlG8oSwUyAQ4PTTT6eystJIXmpqKlOnTjWS5RYdHR2Ul5cbnT78hCDwNa31n616QKSKrjLSkPAb5TrAkrNp+6cD2trarIh3lMfjIS8vz1heMBhkwYIFxq4gFsJOjz76qLHOH6Jv219rayulpaVWdv59wHXS+Q9MCoCj0Fr/AbgJsGSIpLe3l/LychoaGqyId1R2drbRW8nee+89li5daixPCDvU19fz4IMPGsuLttv+6uvrqaiosPIOEA3cFP4sFwOQAuAYtNYrgTstzGfXrl3U1NRY9QhHWHFM8L333mv0ABUhrLZ48WJjo3zRtu2vpqbGjmO/7wx/houjkALgOLTWy4AlVj6jrq7O6krYdsnJyUZXKnd2dnLTTTcZyxPCSh9++CG//e1vjeVFy21/WmsqKyupq7P8xt0l4c9ucQxSAAyC1vo/gYetfEZrayslJSX09Bi/qdgxp5xyitFzD958801+//uYvLNDRBjZ9nekYDBIaWkpLS0tVj/q4fBntjgO2QVwApRSPwd+aOUzPB4Pp512WtTsEGhvb6e0tNRYXmZmJl6vl9GjRxvLFMKkV155hSuuuMJY3sSJEyP+WOxAIEB5ebkdW6Af1lr/yOqHRAsZATgB4TeWpdMB/TcJRssOgREjRpCVlWUsr6mpidtvv91YnhAmdXd3Gz3GOhpu++vs7LTrELQl0vmfGCkATlB4aOkOLNodANG3Q2Ds2LFG5y+ff/551q5dayxPCFMeffRRKioqjOVF+ra//fv32zG1qYE7ZNj/xMkUwElSSs0HVmBxEZWTkxMVq39bWlqM7oceP348H330EcOHDzeWKcRQ1NfXk5+fb2z0LtJv+2toaGD37t1Y3Mf0EdrqJ6v9T4KMAJyk8BvuW4ROmbJMtOwQGDVqFCNHjjSWV11dzeLFi43lCTFUS5YskW1/fLy9edeuXVZ3/kHgW9L5nzwZARii8LHBLwCWXvOXmprK5MmTI3orUHd3N8XFxcZO9YuLi2Pz5s2ce+65RvKEOFnbt29n9uzZMX/bX3d3NxUVFXR2WnKn2qECwNflhL+hkRGAIQq/Af8di24R7NfR0UFxcTH79++38jGW8ng8jBkzxlheX18f8+fPj6qtkyIyyba/0Hx/cXGxHZ1/J/Dv0vkPnRQABmit3wQuInTXtGWCwSDl5eXs2bPH6qE1y4wePdrovP2OHTt4+GFLj2gQ4pj+/Oc/s3HjRmN5kXbbn9aaPXv2UF5ebsedHW3AReHPXDFEMgVgkFLqbOANINvqZ6WmpjJp0iQ8Ho/VjzLO7/dTXFxsrIgZNmwY27dvp6CgwEieEIPV3d3N9OnTKS8vN5IXabf99fT0UFlZyYEDB+x4XD1widb6PTseFgsip8yMAOE35vmA1+pn9U8JtLa2Wv0o45KSksjNzTWWFwgEWLBgQcSOiojI9dhjjxnr/CGytv21t7fj9Xrt6vy9wPnS+ZslIwAWUEqlAy8Dn7fjednZ2YwdO9bo5TtW01pTXFxs9HCQFStWcOONNxrLE+JYGhoayM/PN7YuJ5K2/e3bt4+9e/fa9bhNwBVa68j7tuNyMgJggfAb9SLgWTueV19fT0lJCYFAwI7HGdF/Y6BJP/zhD9m3b5/RTCGOZsmSJcY6/0jZ9hcMBikrK7Oz83+W0Jy/dP4WkALAIlrrbq31dcD9djyvo6MDr9drx0UbxgwfPtzomf779+/n1ltvNZYnxNHs2LGDlSvNbT+PhNv++j9jbDym/H6t9XVa6267HhhrpACwmNb6PuB6wPK9ar29vVRWVtpxAIcxY8aMMfrBt2bNGl555RVjeUIM5I477jC24j0Stv31jzJ2d9vSF/cA14c/O4WFZA2ATZRSFwBrgHQ7npeSksKkSZOMXsdrldbWVqPnp+fl5VFcXGz05EEh+r366qtcdtllxvLcfNtfd3c31dXVdn7rbwWu1Fq/ZdcDY5mMANgk/Ib+FLDTjud1dnbi9Xppbm6243FDkp6ezqhRo4zl7d27lx//+MfG8oTo19PTEzO3/TU0NFBUVGRn578T+JR0/vaRAsBGWmsvoW2Cm+14Xm9vL1VVVVRUVLj+tLxTTz2V+Ph4Y3krVqzg73//u7E8ISC07a+srMxYnhu3/QUCAUpLS9m1a5edd5BsJrTNz/It1OJjMgXgAKWUB1gGfNeuZ8bHxzNmzBiji+5Ma2xspLq62lje1KlT+eCDDyJiGkS4X2NjI6eddlpUb/urr69nz549dl8+9iRwuyz2s5+MADggvENgIfBtwNxG+GPo7e1l165dlJSUGN17b1JWVhYjRowwlufz+XjwwQeN5YnY9tOf/jRqt/35/X5KSkrYvXu3nZ2/H/i21nqhdP7OkBEAhymlziK0ONDspvhjP5Pc3FxOOeUU1x0e5Pf78Xq9xj6EEhMTKSws5IwzzjCSJ2LTRx99xKxZs4yt/HfLbX9aa+rq6ti3b5/d3/qrCS32K7TzoeJwMgLgsPA/gLOB9TY+k3379lFcXGzXMZ6DlpSUZPSDsaenhwULFtj94SaiTDRu++vq6qKkpMSJIf/1wNnS+TtPCgAX0Fo3AXOBnwG2Dcn0D/vt2rXLjlu8Bi0nJ4fk5GRjeVu2bOGJJ54wlidiy1/+8hc2bNhgLM/p2/76vwB4vV46OjpsfTShz7i54c884TCZAnAZpdTlwDNAmp3PTUxMZNy4caSn23JMwXF1dHTg8/mM5Q0fPpzi4mJXrroW7tXT08MZZ5xBaWmpkTynb/vr7Oykurqazs5Oux/dRuhwHzmly0VkBMBlwv9AzsWGGwUP1dPTQ0VFBZWVla7YMpiamkp2trlblQ8cOMB3v2vbpgsRJR5//HFjnT84t+2vp6eH6upqvF6vE52/FzhXOn/3kREAl1JKDQceA+bZ/ez4+HjGjh1LVlaW3Y8+TF9fH0VFRUaPH/3DH/7ANddcYyxPRK/Gxkby8/ONXbntxLa//kV+tbW1Tk3zrQa+p7V212IjAUgB4HpKqauAFYC5o/IGKSUlhbFjxxrdmnei9u/fb/S+9ezsbLxer2tPXxPuccstt7B8+XIjWXFxcZxxxhm2XvjT0tJCTU2NXef3H/F44Cat9YtOPFwMjhQAEUApNRb4PXCBE89PS0tj7NixRhfmnYiqqiqjRxrPmzePVatWGcsT0aeoqIiZM2dG5La/jo4OampqnNzh8xZwnda6xqkGiMGRAiBCKKXigLuB/wQcuTc0MzOTvLw8PB6Prc8NBoMUFRURDAaNZW7YsIEvfvGLxvJEdLnoootYv97MzlyPx8P06dMtX/nf3d3Nnj17nLz/owdYDPxSay37biOAFAARJnxw0PPAFIeeT3Z2Nrm5uSQkJNj23KamJnbu3Gksb/LkyezYscOxUQ3hXq+//jpf/vKXjeVZfdtfX18ftbW11NXVOXneRQnwH7K3P7LILoAIE/4HdhahdQFOPJ+6ujo++ugjamtrbfvAyczMJC3N3M7IiooK7rvvPmN5Ijr09PRw1113Gcuz+ra/pqYmPvroIydO8jvUCuAs6fwjj4wARDCl1FeA3wKOLddPTEwkLy+PzMxMy48VDgQCFBcXG/ugS0hIYOvWrcyePdtInoh8y5Yt44477jCWN3XqVFJTU43l9Wtvb6empsaJLX2HagRu0Fq/6mQjxMmTAiDCKaVygeXAFU62IykpiTFjxlh+kFBdXR01NebWFp111lls3brV6FXEIjI1NTWRn59PS0uLkTwrtv21tbVRW1tLe3u70dyT8DKwUGtd63RDxMmTKYAIp7Wu1VpfCXwV2OdUO/x+PxUVFZSUlFi6+jg7O5uUlBRjeYWFhSxdutRYnohc9957r7HO3/Rtf62trfh8PsrKypzu/PcBX9VaXymdf+STEYAoopRKB34B3AA4es1fWloaOTk5Ruft+3V2duLz+TD13k1JSWHHjh1MmjTJSJ6IPMXFxcycOdPYThMT2/601rS0tFBbW0tXV5eRdg2lOYSmG3+gtTZzMpJwnBQAUUgp9XngaSDf4aaQkpJCTk4Oo0aNMrpGYM+ePdTWmvsCcuGFF/Lmm28ayxOR5eKLL+avf/2rkayhbvvTWtPU1ERtbS2BQMBIm4aoDLhRa73J6YYIs6QAiFJKqSTgPuAuwL79ekfh8XjIzs4mKyvLyHx7X18fxcXFRj8gV69ezfXXX28sT0SGN954g0svvdRY3slu++vr66OxsZG6ujqnTu/7pCDwK+A+rbXf6cYI86QAiHJKqVnASuBsp9sCoXsGsrKyyM7OHvKBQu3t7UYvasnIyMDn8zF69GhjmcLdgsEgZ555prGbJ0/mtr/e3l4aGhqor693xUVcYe8B87XWHzjdEGEdWQQY5cL/gM8DfgA4umcIQh92/ecIVFVVDWkb04gRI8jMzDTWtubmZm677TZjecL9li9fbvTa6RO57S8YDLJ371527NjBnj173NL5dxL6rDhPOv/oJyMAMUQpNQ74OeCq6/BGjBhBbm7uSS0YtOKY4Ndff51LLrnEWJ5wp+bmZk477TTbt/0dOHCAhoYGWltbnTy8ZyD/A/xIa73L6YYIe0gBEIOUUp8GlgHnON2WQyUnJ5OTk0NGRsYJLRhsbm6mqqrKWDvGjRtHUVERw4cPN5Yp3Od73/sejz/+uJGs4932FwwGaW5upqGhAb/fddPp7wK3a63/4XRDhL2kAIhRKtTDXg/8DMh1uDmHSUxMJDMzk8zMTJKSkgb1/ykvL2f//v3G2vD973+fRx991FiecBev18uMGTMs3/bX/22/paXF2LZVg2qBe4BntAsbJ6wnBUCMU0oNB34C3AkMc7g5R0hJSSEzM5OMjIxjXj7U3d1NUVGRsSHVuLg43nnnHc477zwjecJd5s6dy7p164xkfXLbXzAYpKmpicbGRjd+2wcIAI8AD2mtHbszWDhPCgABgFJqIvBL4Eqn2zIQpRQjR44kMzOTkSNHDjhFUF9fz+7du40984wzzqCwsPCow7oiMq1du9boGo/+bX/t7e00Nja69dt+vzXA3Vprc3NmImJJASAOEz5EaBkw0+GmHFVCQgKjRo0iMzPziItWfD4fHR0dxp71wAMPsHjxYmN5wlmmt/0NGzaM0aNHu/nbfr8PCc3zb3K6IcI9pAAQR1BKxQHfBO4FJjvcnGNKSko6OEXg8Xjo6urC6/Ua+wY2bNgwPvzwQ6ZMmWIkTzjrscce4/vf/77TzbBTBXA/8JzW2lVbDoTzpAAQR6WUSgDmAUuAcc625vjS0tLIzMyks7OTuro6Y7mf/exn2bRpk+XXHQtrNTc3k5+fT3Nzs9NNscMu4AFgtdba3B5ZEVXkICBxVFrroNZ6JaE7BW4B9jrcpGNqa2ujqqqK+vp6o7l/+9vf+M1vfmM0U9jv/vvvj4XOfy+hf6v5WuuV0vmLY5ERADFo4fsFvgv8GMh2uDm2GjlyJF6vd8g3vAln+Hw+zjzzTKMHRrlMPfBfwJNybr8YLBkBEIOmtfZrrZcCkwgVAVH/darf/v37ufXWW51uhjhJd955Z7R2/s2E/i1O0lovlc5fnAgZARAnTSmVBtwefo1yuDm2WLNmDVdccYXTzRAnYN26dcydO9fpZpjWQmi3zjKtdZvTjRGRSQoAMWRKqVTgO4QKgUkON8dSeXl5FBcXM3LkSKebIgYhGAwyY8YMvF6v000xpQpYCvxOa21uv6uISVIACGOUUvHAFcDdhG4gjEo33XQTTz31lNPNEAPo6urivffeY8uWLWzZsoXNmzezd6+r164O1j8JHdT1sta61+nGiOggBYCwhFLqM8BdwFeIsrUmSileeOEF5s6dKxcGOaysrOxgZ79lyxa2b98eTXP9fcCrwK+01m873RgRfaQAEJZSSuUTumfgeiDZ4eYYpZRi8uTJzJw58+Br1qxZjBvn+iMTIlJLSwvvvvvuwc7+n//8J01NTU43ywpdwDPAI1rrMqcbI6KXFADCFkqpLGAhoT3KUb2FMD09/YiiYPr06Qwb5rq7llxHa83u3bvx+Xx4vV58Pt/B300e7uRS9cATwHKtdaPTjRHRTwoAYSulVCJwGXAjcCEQE8frJSQkUFBQwKRJk5gwYcLB1/jx45kwYQJZWVlON9FWgUCAsrKywzp4n89HSUmJ0bscIoAGNgBPA3/WWvc43B4RQ6QAEI4J30B4A/BtIM/h5jgqNTX1sILg0FdOTg4ZGRkRsd6gt7eX+vp69u7de8Rr3759B39vaGgwdnVzhNoLrAJ+KzfzCadIASAcF949cCmwAJgLxDvbInfqvwUxIyODUaNGHfP3kSNHkpCQQHx8PAkJCYf9/smf/b/Hx8fj9/vp6Oigo6ODAwcODOr3lpaWgx17fX09vb2ySP0oeoG1wG+A12U1v3CaFADCVZRSYwmdKXADEXABkRCDsAv4LaG9+zVON0aIflIACFcKX0n8JeA64N8B949/C/GxA8BfgN8D6+UqXuFGUgAI11NKJQOXAF8nNFWQ4myLhBhQJ/A68ALwhta6y+H2CHFMUgCIiBI+dvjLhIqBuUCSsy0SMc5PaF7/BeA1OZ5XRBIpAETEUkqNIHTS4NeBiwCPsy0SMaIb+CuhTv9VrXW7w+0R4qRIASCiglJqJHA5oYLgQiDN2RaJKNNGaL/+q8ArWuv9DrdHiCGTAkBEHaVUAvAp4OLwaxYxcuCQMEYDHwDrwq93tNZRc8mAECAFgIgBSqlcQlMEFxPaWZDhbIuESzUD6wl1+H/VWtc63B4hLCUFgIgp4e2F5xJaQHgxcA5RdluhGLQ+4F1CHf5aYKts1xOxRAoAEdOUUmnAvwCfBj4DnIdsM4xWncA/gbeBfwCbtdZtzjZJCOdIASDEIcLrB2bzcUHwaSDX0UaJk1VLqKPv7/Dfl3l8IT4mBYAQx6GUmszHBcG/AFOBBEcbJT4pCPiAzYQ7fK11hbNNEsLdpAAQ4gQppTzANGBG+HVm+OcpTrYrhuwDtgM7wj+3A16tdbejrRIiwkgBIIQhSqksDi8IZgDTgWQn2xXBuoAiPu7kdwDbtdaNjrZKiCghBYAQFgrvOhgHTAAmDvAzj9jdhdAH7AWqgJ0D/Nwlq/KFsI4UAEI4KDydcCpHFge5QOYhr0gbRegCmg551XJkJ79bhu2FcI4UAEJEgPCNiJnHeaUCwwjdiTBskL8DBAidbx8Y5O8dHN65H/GSm/CEcL//B6tDXjgn9EQHAAAAAElFTkSuQmCC\" style=\"width: 512px;\" data-filename=\"football.png\"></p>', '-34.671955', '-58.483485');
INSERT INTO `articulo` (`idArticulo`, `titulo`, `subtitulo`, `descripcion`, `latitud`, `longitud`) VALUES
(4, 'pantalones cuadrichet', '', '<h1><b>NOTICIA&nbsp;</b></h1><p><b>ASDASD</b></p><p><b><br></b>HOLA</p><p><br></p><p><img src=\"data:image/png;base64,iVBORw0KGgoAAAANSUhEUgAAAgAAAAIACAYAAAD0eNT6AAAABHNCSVQICAgIfAhkiAAAAAlwSFlzAAAOxAAADsQBlSsOGwAAABl0RVh0U29mdHdhcmUAd3d3Lmlua3NjYXBlLm9yZ5vuPBoAACAASURBVHic7N13dBzV2Qbw587uSqveu1bNK9mW3LvBgAvusmmxiakhtEBCC6EFEgwE8tFLaIFAEkhCMB13G2ww2DT3XmRbtiTLkizJ6mXL/f4wJBBctLOzOzu7z++c73znBN07D9jaeffOnfcCREREREREREREREREREREREREREREREREREREREREREREREREREREREREREREREREREREREREREREREREREREREREREREREREREREREREREREREREREREREREREREREREREREREREREREREREREREREREREREREREREREREREREREREREREREREREREREREREREREREREREREREREREREREREREREREREREREREREREREREREREREREREREREREREREREREREREREREREREREREREREREREREREREREREREREREREREREREREREREREREREREREREREREREREREREREREREREREREREREREREREREREREREREREREREREREREREREREREREREREREREREREREREREpA+hdwAi0o88vDQKbiUJcCUDQsDtDoMQUd/+4yhIGXbsB5UwCHc3AEAxNUG63ZBwQRHNAACXaAbc9cI2pUGPf49AMa3ANswkMNktkCmATkixyWF1L1i6rVLVf5fpOTkJCHNPFxCDJWBVJA5Jk1y+YHfl11pnp9DDAoAoCMnyJRkwyzwI5EGKfEBkATIZQAqAJEAkATIJgFXjS7sB1ANoOPb/ZT0g6gFUQMgDkCiHFAfQ3HxQlMzu1vjaupnZK9vuFuIvAM46zj9uBcRDw8oOPjz32H+fnhClhdm3QSr3ADLmR/9U4jPF7Lr6w12HdnkRm0IcCwAig5L7V8bD1D0AJtkfEiUA8gDkf/v/tb6xa80NiGrAXQ6IfZDYBsgtMLm3iczpB/QO54lphVmDFKl8DCDxZD8nJN61WmPnvLVt20kLn6FDh1oymmpfB3DhKS59VLgxaf6+im88jEwEgAUAUcCTUgpUf9QH0jkQUhkAyAEA+gPI0TubjzQBciugbIWQWyDlejS1rAvEFYNZJSnRHV3Wbej5n8WHEeGxs05UBBy7+de9AcgLejhflQvhxYvLypp7+PNE/8ECgCjAyLVrLcisHwCXHAMhTgfkOADJeufSmRPAJgixGlKug+L6NBBWCkrtOXcB8iEPhx23CFBx8wcACMh755dV3u9hBiIWAER6k4eXRsGJcYB7PKCMBuRQABa9cwU8if0QYjUgl8PhWibypx/2d4RSu20jgIEqhv6gCFB78//WtgVlFf1UjKMQxwKASAfywEcFMLnOBuQMAGcj8J/ZG4DcB6EsAOR8tLs/E4XTunx5tbmAstZu6wJgVjnFYhfCz4suK3O297K9LgTmqJzHXR2Xal23bp1D5XgKUSwAKODMKMjMcZvNRYrbnSuFEi2ljFIgYyWUTgh3m3QrTQLuOpNQdoWFx5SdalNVIJB7FoUj0jQJUk4DMBVArt6ZglwbgJWQ+BAmx3sic8YRrS8wq6QkrKOruRPefI4KsUC43d1SiPO9ydId2R29bHNNmzdzUOhhAUC6mpWdHdERppwmFDleQoz7doNb1CkH/pcTUuyFwCop5QqT27zyw/37a3yV1xNSzjOhOmY0pDILUl4EPsfXiwuQX0KKt+B0vanlo4JSu+0wgDSt5lOpfkFZBf9ukcdYAJDfzQWUdQU5p8HkvlRKcRGAaI0vsQ5CvG4xuf7x3s6qeo3nPikpV5pR0TkBQsyGwHkAEvx5fTolFyA/BcRbMLnfERnT6ryZrNSe/RogLtUqnCoC/16wp0Lt4wMKYSwAyG9mZGZGIsp8lZTyVvjnFbYOCfzVYjY9+v7O8nJfXkhWLyqGS1z17c2A38aMoRvAfEjxCrKblgkx2+XpBKVFWQPhVtYDULSP1yNSSjF84d6D63S6PhkYCwDyual2e7hJdN4EiVsBkerv6wvA4Zb4pxmu33+w91CFVvPK/SutsHTOAMQ1ACaAv09GdggCr8PlflnkTNvrycAZ9uzfS4j7fBXsZITEA/P3Vvxej2uT8fEDi3yq1J49VkI8J4BivbMAaAfEoxHhMQ95s3FQVi4ZCImrIXAxgHgN85H+JCBXQigvITPsHSHGOXswRky3254VwPU+T/c9EnhleFnFNXN73l6Y6AdYAJBPfNsh7TkAl+md5Ti2Sok5C/dWbO3pACnnKjg0ajwkbgJQ6sNsFDiqIeVLgHimB4cciRmFOU9LKW/wSzLg1WFlFVfP5c2fvMACgDR3jj2n2AU5D0CJ3llOohNC3Llgz8GnT/ZDcs+icEQoF0LiDoiAWMUg/2sF5L+gKE+KzMk7T/Jz/ioCePMnTbAAIE1Nt+fMEpB/BxChd5aeES+3Zh+8/pNP8IOlXlm9KAVO8UsIcT2OnaBH5IbEh1CUx0TWpNUn+BlfFwG8+ZNmWACQZqbbbdcJ4FnotyNarfkRnfLCtyorO+ThpalwyrsAcS0gDVLEkA6WQ4i5ImvymuP8M18VAbz5k6ZYAJAmZthz7pSQf9Q7h1oWs+mLv7/z6MqY2JhfQSBW7zxkFHI1JO4RtqmffP9/HQuYo3rZtgmBIo0uVBnRKYveqqzs0Gg+IhYA5L0ZhTnXSilf1DuHtwYN7Yt7H74JZrNJ7yhkOHI1pLxb2KZ9Ogswednb/0QWuxB+3uKyMp+ecUChgwUAeWVGYfYFUoo3AQTFXXP85NG4+c4rIAR/NchzLof7w0su+LXS2tzmqzdFWASQZoLiQ5v0McOeUyKBRQDC9c6ilf17KxEZFYE+Jb30jkIG43a58cQfX+m9Z2e5Vsv+x1OowDW0V2Lq22UNDR53LiT6Pn7NCXBDhw61ZDYd6Q+4hgAiHxA5Usg8SEQAiMN/NtzJJgHRDYkqt8ABSLlfEdjshHXD4rKyZq1zTRqQFmVpD/ta6wY/iiJgL4hCSXEscrMjkZlhRXSUGZYwBW6XRFubE3X1Xais6sTO3c3Yur0FHZ3afg6aTSb837O3o3ffAk3npeDldrnx+EOvYNXHX/vrklwJIK+xAAgwcwFlbVH2MOHGFAllCiCHwLtv2G5A7hZCWQ63e7G1C59osZGo1J7zMiCv8nae7+TnRmHShFSceXoSYmMsPR7ndEms23AUKz6pw5drG+B2S03ypKYn4dlX5yIi0qrJfBS8XC4XHr3/Zaz+1O/t+D+MCI+dZYTjsCkwsQAIEDN7Z/Z2u8xzAHkZgHwfXqpTAPMlxOsRZQcXvQV4/PV5epHtDOHGp9Dg709BXhQu+WkOhg2Oh7eP3asOdeDf71Th08/rIDWoA86dPRFXXj/b+4koqP35mTew4N0VulxbCPnS/D2V1+pycTI8FgA6m1GQM0Yq7jsAMR1+/vMQwF4pxJ8iOtwv9XRVYOjQoZaMptr1APp5c+2wMAWXX5SL6VPSYFK0/dfeuqMZz/55H6oOebfQYTKZ8NRL9yCvV7ZGySjYbN9chjtufFjXDEIqE+bvPaBPBUKGxk2AOplWaDuzd2LcPAj8DhBF0KcYSwQwxWkWVxQlxLYMbGzetB046XfnoZGm6yHEz7y5aFZmBB64pxgjhyVA8cFu+9SUcEw4KwU1dV04UNGueh4pJaoqazBh8mkapqNg8srz81BxoFrXDFLI+D0Nzf/WNQQZktE6thneuX3y8mb0sr2jSHwKYITeeb6VCSFe6rTbNpTas8ee6IeGDh1qgcBvvLlQoT0aD99fgrycSG+mOaWICBN+c2Mh5syyeTXP5vU7sX1zmUapKNhsXn+yowH8QwDj9M5AxsQCwI9Ke+Vc5nS6N0uB8/XOcjwS6A+IFTMKs/88qyQl+n//eWZTzeWAyFU7f5E9Gg/9vhhxsT3f5OcNIYCLZmXjpxd4t4Q/7x8LNUpEwcThcKKlpc2rOSZOG4MJk0cf9TJK7MzeyTFezkEhyKx3gFAwuSQ70dKtvA4pp+mdpQeElOKazi7rhJn23Fkflh3Y8N0/kMCtaifNSLfi3rv6wGr1/1Oniy+0ob6xG8tX1Koav+7rrTiwvwq5+VkaJyMjM5tNsFjMcDicp/7h45g4bQxu+M1lgEC8NTLCvfC9FWq/kDnDdx1R/6yLQhZXAHxsWmHWIEuX+MYgN///kEAvN9xrZtizrwSAGfasUYDoo2Yui0XgjluKPHq9T2vXXVmAXvlRqsevWPqFhmkoGAghUFCYo2rsdzd/oQgIIXDtjT9VSs8fr2ouCWxU8zYPETcB+lBpQfY0IZQlAFL1zqKSGRAzC5PiLAJiFIDhaia5dE4uxoxK0jiaZ0wmgZK+sVj6cQ3cKs5Sq6muxzk/ORtC4zcWyNi6uxxY99VWj8ZMnP7fm/93hBAYOqIfmppasGdnuUfzKcBjuxuav/RoEBFYAPjMjELbHCHEmwAM30lGAGdCoj+E54+MbNkRuOVXdigBcOOMi7Wgq9OF7btaPB7b0dGJ/oN6Iy0j2QfJyKjy7TZ88dkGNB3t2d+pidPH4IZbLztuISmEwLCR/T0rAqTY1eoyXVV+9Ki65xAU0lgA+MD0wuzzIcUbCKY9Fipu/sCxpXdf7/j3RKE9BouXH4bD4XmnoKTkeAwc2tcHqcioTCYFQ0b0w5efb0R728n7Tkw7dyx+ecslJ11F+q4IaG/rwK7t+051+SrF7Jq6dG9FjefJiVgAaG5mYc5ESLwDQL8H3gEiM8OK66/MD6iT9cIsCtranKpWAZwOFyaXnuGDVGRkMTFRGHv2CNQfacLBA4d+1EkjKTke1944B7Mvmd6j3wUhBIaM6IfM7FTs2XngeIWFGwJvOizKTxbtrCzX6t+DQk/gfDIHgZn52QPcJrEGgPrdZj1gtliQlJaOmPh4mExmuFxOdLS1o7GuBu2trb68tEcum5ODWecF3s75Q9Wd+MXNGzxuF6yYFLzx4dOIjDL8Ux3ykfojR7F5/U7U1tTDGhGOvPxslAwshNms7ruW0+XC9s17sH9vJQ7ur1r76fJvXmjv7li2uKyqUuPoFIJYAGhkek5OghImv5GA5ufIZuUXYNjY8SgeOgz2fgORkpEBoRz/BY6mhnrs37kDO9evxYbVn2HH+nWQana9aeDV54cgJTkwTwq+9bdbsLvM82Lp0efu5FHBpCO5Gm7TbJEz6ZDeScj4gucZtc5EmPybljf/yOhoTDh/FibN+iny+vT8uXNcYhIGnTYGg04bg5/+6mY01NXikw/exaJ/vo6aygqt4p1SVmZEwN78AWDQgDhVBUBVRY3hCwCXy4Vtm/dg+5YyHG1sRkxMFPJ6ZWPoiBJYI7i6EdjE6VDca+XBZTNFzqS1eqchY2MBoIHSQtsVkJipxVwRUdE49+dX49yfX43I6B814/NYYkoqzr/qFzjv59fgkw/fxz+fftwvhUBJ31ifX8Mb/frGYh6qPB5XefCwD9L4z9drNuEvz81DddWPmyJFRUfiwkun49xZE/m6Y2DLgOL+TFYt/ZnImvym3mHIuNgIyEvn9Mq0CYkntZhr9KQpeHH5J7joxls0ufl/n1AUjDv3fLywdCV++subYDb7tvbLyY7w6fzesmWrezPhSG2jxkn85503luAPdz933Js/ALS1tuPVF97C/937Ilwu9pUJcFZI+YasWDxX7yBkXCwAvORSTI9IIM6bOcKsVtzyyJP47XMvITHFtz2DLGFhuPjmW/HY2x8iLdu7g3JOJiM9sJeSkxLDEGbx/K9/R4d3RwzrZc1n6/H3l96F7MHOxzWfrcdfX3zHD6nISwJC3Curlrwk5Uqu5pLHWAB4odSeNRoSF3ozR2JqGh6d9x7Gn3eBVrF6pFdJPzz5/kIMGOWbo26jogL7DVMhgEgVGTvau3yQxrccDif+8uy8Ht38vzP/3Y91P+aWekjialR2LpT1iwL7uRsFHBYA3pDKw/DiTYqMnFw88ua7KOhbomGonouJi8e9f/k7Rk6YqPnc4WGBXQAAgDXM87/+nR3GKwDWf7UVdTX1Ho1xu9z4eMkaHyUizQkxCR3KSlm9KEXvKGQcLABUmlGQMwYCqrvCJKak4g+vveHTZfieCAsPx53P/hmDx5yp6byObn1ePfREt4qMYeHG6++0dfNuVeO2bNilcRLysSFwKatk5SLvzr+mkMECQCWpyNvVjg2zWnHvX/6O1KzA+D01m824808vwmYv1GzO9o7Ab03e3uF5ARARGdh7G46nsb5Z1biGhiaNk5Af9AGUz+TBRcZ+V5X8ggWACtPy83MBTFc7/hf3PoCCYn2W/U8kMjoadz//EiKitHn7oKY2sJfKm5oc6OzyfKd7ZGRgv91wPBGR6voxRBqw2CEAQB4U5TN5YElgfchQwGEBoIIwOy+Dyv92I8+ehIk/8WrfoM9k5ffCpb++TZO5Kg91ajKPr1QcUrebPz7RePuscvPVtWPOLQi8Ns7UYxkwYYWsXDJQ7yAUuFgAeKi0KDtLSFymZqw1IhLX/u4+rSNpavrFl8Hef4DX82zfqW7Z2V+27/D8MCAAyM5J1ziJ7406YzDMJs83ZY4ZO9QHaciPUgGskAeXDdM7CAUmFgAnMSMzM7K0V/Z5pb2yny6129aW2m3tcItKAHY185Ve9jOkZAb2tyrFZMIVt/3W63n27m/DI0/txvIVtWg86tAgmbY2bT2qapwRC4DklARMPWesR2PsvXMxeswQ3wQif0qE4l4uqxYN1jsIBR72+zyOUnvWaED5FYCZADR5KB4RFY1XPlmNmPgELabzubsumoWt33ylyVyKItCvOAZTzk7HaaMSYdK5zWzjUQeu+MU6uNyeHQcohMDr7z2OuPgYHyXzne4uB+686RHs2Vl+yp+NiY3G4y/chYws3zalIr+qhWIaKzIn7tA7CAUOrgB8z7RC25nT7bbPAWUNgIug0c0fAM6aMdMwN38AmH7pzzSby+2W2Ly1GY88tRvX3LABy1fUwu3hzVdLK1fVeXzzBwBbboYhb/7AsdcX//D4rRh9xsm/COYVZOHR5+7kzT/4pMLtWiYPL83XOwgFDq4AAJiWl5eumN3PAtJn7fieeGc+CgcYZz+O0+HAz8aMQFODZw1keio/Nwq/vDYfve3+vaE6HBJX37Ae9Q3dHo+dcf54XHPjHB+k8q9N63bio8WrsX3rbjTWHzsNMN9uw5kTRmDs2SOhmPi9IIjthVs5k8cJE8DTAFHaK/s8CNdLAJJ9dY2UzCxD3fwBwGyxYPi4CfjonXk+mX//gTbccc82zDovC3NmZUPx02OBRcsPq7r5A8DAocUap9HHwKF9MHBoH71jkD56QXGvkDUfnSXSzq7ROwzpK5RLfTHdnnMfhHgHPrz5A8DwcRN8Ob3PDB/v29wut8S/36nE/f+3E23tvj997uhRB954S91RyFFRERg8LDgKAAp5veF0LJCHl0bpHYT0FZIFwFxAmVFo+6uA/D388Bik7xBjvk5VPGS4X66zbuNR3Pn7rWhq9t3bAlICz768D21t6gqNMeOGG7INMNFxSTEMTvmmlPMC/9AO8plQLADEukLbq1Licn9d0N7P+/fq9RCfnOy31xbLD7bj7vu3+6wIePv9Knz1TYPq8eMmjdIwDVFAmI6q2Mf0DkH6CbkCYIbd9gd/3vzjkpKQlV/gr8tprniof1YBAODAwXY8+NguOBzaviGwavURvP6muqV/ACgotKG4v6rWD0SB7mZZsfQGvUOQPkKqACjtZbtQAnf585pjppZCCOO+bHHGtFK/Xm/Hzha8+Op+zeZbueoInny2DNKL1w7nXDbD0H+GRCcl5FOyask5escg/wuZAmCqPSsbAi/Cj68+RsXG4ifXXOevy/nEiAkT0Wewf/cwLPu4Bl98rX65HgDktxsMn3xuD5wu9Tf/vF7ZGDlmkFdZiAKcAol/yENL2PoxxIRMAWASpj8DiPfX9SxhYbj18WeQnJHpr0v6hBACtz/1rN+PLn7uJfUb9o7Ud+HeP+7EP9+sgPTyacJV11/Ib/8UCqLhFh/Kw0vZASqEhEQBMKNX9lRIOc1f18spLMKDr/0bw8eO99clfSolMwuPvvU+Rk6Y6LdrNjU78O93PHtu39nlwtvvH8J1N2/Chk3qev1/35kThvN9eQohMuvYmwErQ74/TKgIha82orTQthESXm/FF4qCogGD0HfIUCSnZ8AaGYnGulo01tWho70NSalpGHjaGAwYdRoUFaevGUH5zh34esVHqCrfB7MlDPFJSUhKS4fb7UbjkTrs37Edm75Yje5O748DNpsFXv7TYCQnnfw8+8O1Xfj4k1osWlqD5hZt3iKIio7E83+/D4lJfls0IgoMEo8I25Q79I5Bvhf0BcAMu22SBJZ6M0eY1YqZl/8cMy7/ORJTuEJ2Kl0dHVi14AP865knceRwtVdzlU5Nx7VX/Ld9udMpUVPbicqqDuzc3YKNW5uxd1+r10v93yeEwJ33/wKnncFHohSSJCBmi+zJb+sdhHwr6AuAUnv2fECo3sred8hQ3P7080hOz9AyVkjo7uzEXx95CAte/5tX8wgBREWZ0dnpgtPp+0OEgqXnP5EXWqGYRvD0wOAW1AXAeX2ykpxOpVoCqlq4nVk6Ezc//AQsYWFaRwspi/71Ol6cew+kll/TfaTfgCLc//gtsFj4GJRCnMA2mMRIkT65Te8o5BtBvQnQ6RTnqr35lwwbgVseeZI3fw1Mu+hSXHj9jXrHOKXc/Czc/eAvefMnAgCJEjjl83rHIN8J6gJAQhmnZlxkdDTu/NOLMFvY+10rF914C0qGjdA7xgmlZ6Tg/sduRnRMpN5RiALJZbJq6YV6hyDfCOoCAHCPUTPqgquvQ3yyTw8IDDlCUXDFnXcH5Dv1uflZ+OMzt3HHP9HxSPmiPLQ8R+8YpL2gLQBm9k6OAUSup+MsYWEovewKX0QKeb0HDkbJ8JF6x/iB/oN64+Fn70BySoLeUYgCVTzc7teknBu094tQFbR/oNIVVahm3KDTxiAyOlrrOPStURMn6x0BwLFX/WacPx73P3YLoqIi9I5DFODkWagaebPeKUhbwbvbSchMqNh0Xhxg31CDTf8R+h+rGxMThZvuvAIjTx+odxQiAxEPyYqFy4Vt+ha9k5A2gnYFwO2Wqr7GJ6enax2FvicpLU23awshMG7SKLzw2v28+RN5LhzC9A+5bR5fjQoSQbsCoCiwqnntPDo2Tvsw9B/R8fpstCvqk48rr5+N4gF2Xa5PFCQGIC7mdgB/0DsIeS9oCwBI0Q4VzwCaGrw7hpZOzt//ffv2t+Mnc6Zg+OgBAfkGApHxiHvkoaVvi8zJO/VOQt4J4gLA3QIVH/j1Xvaup5Orr/b9f9/4xFicNX4Exk8+DQWFNp9fjyjEhMONF6WU44QQgd/ek04oaAsAaZKH4Pa8ANj05WrMvv4GHyQiANi45nPN5zSZTCjqm4cBg/tgwJA+KBlQCFOQnsZIFBjkWTi09GcA/qp3ElIvaAuAiHaxu8MKNzzc6Ljt66/RcrQRMfF8L9wXvvpomapx9qJcpKYnIyIyHNaIcCQkxiHLlo4sWyqystMRFs6ujUR+JfGYPLx0oUifXKt3FFInaAuAtyorO0rttn0APNr15XI58e7LL+Ly2+7yUbLQtWnNauzatEHV2DvuuxbpGSkaJyIiLyTC5X4CwCV6ByF1gvY1wG+tUjPow9f+iprKCq2zhDSn04m/PvKgqrEpaUm8+RMFIikulpWLJ+gdg9QJ8gJArlAzqruzEw9edzU6O9q1DhSyXv7DXOzdtlXV2AGDe2sbhog0JB5jm2BjCuo/tE532AIAHWrG7t+5HQ9dfw3aW1s1ThVapJT41zNPYtE/X1M9x5ixwzRMREQaG4SqkZfpHYI8F9QFwEf79jVB4AO14zd8vgq/mXUOynfxdVc1Wo424pGbrscbf3pS9RzxibEYPLxYw1REpD3xoDy8NErvFOSZoC4AAEC4xHPejK8o24ObzpmKp+/8Dfbv3K5VrKDWUFuDeS88i6vHj8Hnixd6NdeU0jP5Sh9R4MuEQ96udwjyTEi0Rptht30qgTO1mCst24biocORmJqmW1vbQNTV0YH6msM4sGsn9mzZBKmmD/P/iIi04pV//xExsTydkcgA2gF3b5E9rVLvINQzQfsa4Pe5Fdwj3PgUGhQ8NZUVfEPAT86dPYk3fyLjiASUhwBwP4BBBP0jAABYuLviM0D+Q+8c1HOp6Ym44KeT9Y5BRJ65WB5c2k/vENQzIVEAAIBFOn4jJNjo3wCEInDDbT9DuJWnjhIZjALFfbfeIahnQqYAeG9vTS2EnAPApXcWOrkLL5mOQUP76h2DiFQRs2XFwv56p6BTC5kCAADml1V+KoDb9M5BJzbitIGYc/kMvWMQkXoKhImrAAYQEm8B/K/SXjkPQ/CVlUDTt18vPPDYr7n0T2R8bkjXIGGbvkXvIHRiIVkAAMB0e84dAvL/9M5BxwwY3Ae//cP1iIqK0DsKecjpdOHwoTpUHqjGkbpGdHZ1o625DZ1d3XA6nACA6OhIKGYTEhJikZqehJS0RKRnpCAi0qpzevId8ZbInjxb7xR0YiFbAABAqd32SwE8KQGeJaujcRNH4YbbL4fFEhJvpRpeVUUNtmzchc0bdmLv7oOoqT4Cl8vzrTVCEcjKTkOvwlwUFedj8LBi2HIzfJCYdOKGCwNE7pRtegeh4wvpAgAAphVmj1Qk3gRErt5ZQk1YuAXX3PBTTC7VpEcT+YiUEju27MXK5V/gmy82o/7IUZ9dKyUtCUNHlOCsiSNR0r8QQoT8R5SxSfGKsE2+Su8YdHz87QIwaUBaVFh7+G2AvAsAH0D7wYAhffCLmy7iN74AdqS2AcsWrcbKpV/gcHWd36+fmp6E8ZNGY+q5Y5GYGOf365MmuuBw5Yn86Yf1DkI/xgLge2bYc0qkkPdAYhYANqD3gd59Z64OAAAAIABJREFUC3Dh5aUYPopvCQWq6qpavPWvxVi59As4nfq/NWuxmDF24iicN3sSbHksGA1HyvuEbepcvWPQj7EAOI7SguxCoeBKCXExgGy98xidNcKK084cjLOnno7+g3rrHYdOoPZwPf7+8rv4/JO1cLvcesf5EaEITJh8Gi7++TlITknQOw71XB1kc66wzVZ1NDv5DguAk5gLKGuLsocJtzJeCpwBKfsAyAVXB04qPjEW2bZ0FPXNx4AhfdBvQBFf7QtgTqcL7/57Keb9YyG6Orv1jnNK4dYwnP/TKZh18VRuHDUKIa8SWVNf0TsG/RALAA9NtdvDTUpnsoA5xu1yG+L861vuumJ2bn6mT/seWMLMiIiwIjYuCtYIvtplFFs37cazj72OqgrjPaLNycvEjXdcjt59C/SOQqe2FVmTBwghvD8mlDTDAiAEyMqlmwHJh+70H26XG2++vgD/fn1hQC7395RiUjD7kumYc1kpFFNINTY1HiEmiazJy/WOQf/FAiDIycpFowDlC71zUOBoamzG4w+9ig3fBM/r2f0H9cZtv78GCYmxekehE5snsqdcqHcI+i+WzMFOKlfrHYECx/69FbjxyvuD6uYPAFs27sKt1z2Eg+WH9I5CJ3aurF6UoncI+i8WAEFM1q6MhsAsvXNQYNi1fR/uvuUJNDQ06R3FJ+pq6nH7rx7G1k279Y5CxxcGp3KR3iHov1gABLPurksAxOgdg/T31ecb8dubH0NLc6veUXyqrbUd9972FNZ9vVXvKHQ8AuwKGEBYAAQ3Lv8TNq7bgYfv+zO6ux16R/GL7m4HHvrd89i8fqfeUejH+smDy4bpHYKO4SbAICWrFg2GVNbrnYP0tWv7Ptzz6yfQ2dnls2tExoYhtSgO8ZlRiE2LQEyKFRarGWGR5mO9/KWEo9OFrjYHWo50oqWuE/XlLTiyrxntzb7rO2C1huMPT/wavYv5mmCAeVFkT7lO7xDEAiBoyYqlj0DI2/TOQfqpKK/GHTc+4pNl/4SsKBSMSEVW/yTEpas/wrmpuh0HNx1B+fojOFrZpmHCY+ITY/HEC79FSlqS5nOTak2QzRnsDKg/FgBBSEopULV0H4A8vbOQPjraO3HzNX/AocoazeZUFIG8YSnoOyELibZozeb9Tt2+Zuz6tBoH1tXB7dauX0yBPQcPP3s7rNZwzeYkL0l5gbBNfVfvGKGOBUAQkpWLRwNijd45SD+PPvASVn38jSZzCQEUjExD/2k5iEn2fZfH5poObFp4AAfW1UFqVAeMnzwat9z1c20mCzBOpwttre1ob+tAW2sHIiKtsEaEw2oNQ1R0pN7xjk/iDWGbwjcCdMYCIAjJyiVPArhZ7xykjyXzV+G5x1/XZK6ErGiMnGNHSoH/XyapKWvCl/8oQ3Ntuybz3XHvtRgzzrj7zxwOJ3ZsLcP+sgrs31uJ8n2VqDhQje6uE2/utEZYkWVLRZYtHbn5Weg/sAiFxfkwm3Q/zqQVsjmVjwH0xQIgyHy7/F8OIEfvLOR/1VW1+NUVc73e8S8EUDwhG4POyYNi0u9jwuWU2PDePuxY6X2Dn+iYSDz71/uQlByvQTL/aGlpw9ovtuCr1Rux/ptt6Gjv9HpOqzUcJQMKccb44TjtzCGIiNTp7A5FnCcyJ7+vz8UJYAEQdOShJWfAjVV65yB9zL39aa/fgQ+LNOP0n/VBdr/AOXL3wIYjWPPabji7XF7NM2bsUNwx9xcapfKd/Xsr8MFbH2HVx1/D4XD67Drh1jCMHjMEM38yAYV98nx2neMS8p8ia+ol/r0ofR8LgCAjqxY/Aylu0DsH+d/qT9fh/+590as5ImPDMP6GEiRkab/Jz1v1B1qx4rmt6Gz1bnXjgcduwaBhxRql0tbm9Tvx5j8W6tLDYPDwEsy+ZBr6DSzyzwUlmuEMTxP547xf1iBVWAAEGVm5pBxArt45yL86O7tw3aW/w5G6RtVzRCeFY+LNAxCdFLjHOTfXdGD5k5u96h9gy83As6/ODajTA2sPN+CV5+dhzap1ekfByDGDcM2v5iA1PdH3FxPyHJE19UPfX4iOJ3B+A8hrsnpRMXjzD0lL56/y6uZvjbZgwq/6B/TNHwBi0yIw/oZ+CIs0q56j4kA1Pv34aw1TqedyufDv1xbgusvvCYibP3CsbfT1P/sd3v7XYj8cFS1KfXwBOgkWAMHEpUzVOwL5n8PhxHtvLlM93hxmwvhf9UNsmvqGPv6UkBWFsdcWQ1HUL2C++foCP9zcTq6h/ijuvuVx/PPVD066k18PXZ3d+PtL7+KeW59AQ/1R311Igp9ZOmIBEFz4yxSCPl6yBvVH1H9ID7+wAEk5gffM/2TSCuMw+Lx81eOrKmrw+SdrNUzkmU3rduLGq+7Hts17dMvQE1s27sKNV93vyz0J2fLQ8r6+mpxOjgVAkJCHl0YBGKN3DvIvKSXefWOJ6vEFI1JhH52uYSL/6Ts+C1n91D+nXvTBJ9qF8cBHi1fj97c/iabGFl2u76mmxhbce/tTWOWrxyZu12TfTEynwgIgWLgwHgB7nYaYbZv3oPpQnaqx1hgLhs/upXEi/xECGDXHDotVXVObbZv34MD+qh/8b1JKtLa0o7GhGU1HW9Da0g6pVTtCAIve/wTPPPJ33R8/eMrpdOGxB/+C+e+u0H5yARYAOlG/k4YCi5Rc/g9BK5Z+oXrskPPyvdpMFwgiE8IxsDQXa9/ep2r80w//DbFxMaitOYK6ww0nPDUxKjoSKWmJSE1LQlZOOuyFOehVlIPMrDSIHu5FeH/ecrz6wluaFhT+JN0SLz3zBiwWM6bMOFPDicVZsmJeBLsC+p+xf/vp+ybqHYD8q6uzG6s/VfccOyknGgUj0zROpI+iMzOxc2UVWus9P/J4z87yHv1cW2s72lrbUb63Eliz6T//e1xCDAYPLcHg4cUYftoAxMREHXf8qo+/NvTN//teeOqfiI2LwmlnDtVoRhkBJW4MgOUaTUg9pHtDaPKe3L8wHSblIb1zkH99vWYjVi77UtXYERf2QnxGgB4U4yFFEbBYTajc3OD3a3d1dqN8XyW+/HwDPnhrOcp2lUMIgSxbOhTl2BPWvbsP4sHfPQen07suhoFCSomvPt+IQcOLkZyiUbdIKQ7f9+Q/WAD4GVcAgoHZdLreEcj/Nq1TtzM7Lj0COQOTNE6jr/zhqdjwfrnXXQK94XS68NXqTfhq9SYkJMZi6syzMPqMIXjwd8+jq1N946KTiU4KR6ItBhGxFoRFmWEON8PtdMPR4URrfReaqtvQXNuh2amK33E4nHjkvj/j6ZfvRXSMBoWkcJ/m/STkKXYCDAKycvETgLhF7xzkX7+49Heoqjjs8bihFxSgeEKWDxLpa8MH5di6tELvGD6lKAIZxQkoGJGKtMI4RMSFnXJMV6sDh3c3oXxtHaq21sPl1K4aGHn6QNz9h19CCK9vJV3ocMeJwmmeP8ch1bgCEBQEVwBCTP2Ro6pu/ooikD8s1QeJ9Jc/IjVoCwBzmAnFE7NReEY6ImNPfdP/vvBoC3KHJCN3SDI6Wx3YueIQdq06hO527w8Z+mr1Jqxc9iXGTx7t7VThiMBgAOqeaZEqfA3Q4GTFvAgAg/TOQf61XWUDmbSiOETEWTROExjiMyIRZ5Buhj0lBGAfnY5z7xuGgdNzPL75/y9rtAWDZubi3LnDYB+dDu+/uAOvvvgWWlvavZ8Igo8B/IwFgOFFjwDg3acCGU7FQc+//QNAep/AOeLXF7IGBM/ehvBIM8Ze1w+jLy3s0VK/R3NHWzD60kKMv74E1mjvCsKmxha8/sp7WsTyehmBPMMCwOgEq+ZQVFVRrWpcRlGcxkkCS2pBrN4RNJFgi8K0u4Ygu59vC7bMkkRMv2sw4rx8I2TZ/M9Qe7jeyzT8LPM3FgCGJ7R6GZcMpFLFCoBiEkgwWM9/T6UUxGiyrK2nxOxoTLxpAKKT/NPYMzIhHFNuHYikvBjVczhdLrzjRUvqb2XK6sV53k5CPccCwPgG6h2A/O9Qpeftf2NSI7w6Qc8IrDFhiM8+fjMeI4jLiMSEG/sh3M8dGsMizZhwfQliU9WvBHy0eDUaGpq8C+LEYO8mIE+wADCwbw8AKtA7B/mX0+lCZ0enx+Pi0oKj8c+pGPVwI3OYCWOv7ev1M3m1wqMtGHddMSzh6oqP7m4HPl68xrsQQvTzbgLyBAsAI3OgH/hnGHI62tW1TI+MD429okVnZBhyFWDEhb28+gauhdi0CIy8SP0BUSuXqT+b4lssAPyIfQAMTQ7QOwH5X0e7ul4p5vDQ6PytmAQmXFeC5c9sQXNNz4ola7QFMakRiIwP+8Hyu6PLjY7mLrQ3dqP1SCfcbt/08s/ql4heowPjbIb84anY91UtDm1v9HhsxYFq7NlZjsI+eWov31/tQPIcCwAjU2R/yOB+pks/1t7u+fI/EDoFAHBsY9u0Owdh0/yD2PP5YTi7f9iHPybZisySRKT3jkNSXgyi4k+94c7V7UZjdRtqy5pxaHsjasua4HJ4f6yvEMCgmblez6OlYbN6Yf4D6yBVFDxfrd7oTQFQKPcsCmdHQP9gAWBkUhkAGP90MfKPYDiJzhOWcDOG/aQAg2bmor68BZ2tTihmgcTsaEQler7D3hSmIDk3Bsm5MSiekIXuDhcObqhD2Zoa1O1rVp0zZ3AyErMD6+2MuLQI5A5JRvlazzebblq/E5dcqfrSZkQofQBsOuVPktdYABia5POyEGSNUPcsv7vN+9avRmQOMyGtKF7zecMiTLCflg77aemo29eMrUsrULnFsxMJFZPAoJl5mmfTQt/xWaoKgD07y9HR3omISKvaSw8ACwC/4AYyg5IHFiQACJ62Z9Rj1nB174dr0fudji+lIBbjrivB5FsHIMmDXgsDS/MQmxqY7YuT82JUbUp0uVzYvaNc/YWFLFY/mDzBAsCoLOZ8vSOQPtR+s+pq0++o3FCR2isOU24fhCHn58MUdpKPVyHQf0oO+k3O9l84FXIGJaoaV3lQXadKAIBEnvrB5Ak+AjAql8wzfMszUiXcGobYuGg0N7V6NK6nO+LJO4oiUHJ2NvKHpmDL4oM4uKkenS3Hii+TRUFmcQJKJtqQUqC+856/pPeOx9ZllR6Pq6qo8eKqSp4Xg8kDLACMSgiuAISwtIxkjwuAlroOdLU7/d5lLlRFJoRj5EWFGDnHjs5WB1wONyLjwyEM1I0xMVddkaLmqOr/EDJP/WDyBB8BGBWXyUJaWkayx2OkBI7sb/FBGjopIWCNCUNUotVQN3/g2ImE4So6E7a0tKm/qETat8eck4+xADAqwQIglOXmZaoad6ScBQB5pic9Ev5Xh8peFd8SUGJyvJmAeoYFgHHl6R2A9NO7WN0REAfWe/5aF4U2NQ2kvCwAABc/3/yBBYBxBVbrMPKrouICVcvJTdXtaKjwbO8AhTbF5PnfM6fLdeofOulFWQD4AwsAA/r2+VjgbyEmn4mKilD9GGDfl97s0KZQ093hef+I8HBvTzQUWV5OQD3A7cBGpMQlI8TautKPDRs1AOX7qjwet/+bOgw6Jw/msNA5G4DU62z1vH9Ed7cTS+avAgC0trZDAIiLjzn2fwkxyMhMQUzsyRomCTY58wMWAIbkSubiDY0aMwhv/2uxx+M6Wx3YubI64JvQkP66O1zoOOr5uTxHG5rx3OOvn/RnUtKSUFBoQ2HvPAwb2R8FhTaI//Q2kSwA/IAFgCEp/OUgFPXJR2JiHBoamjweu215BYrOSEcYewLQSTRWtvpssbGuph51NfX46vON+Mcr7yM5NREjTx+ICZNPQ2GfPH7G+QF/+w1JJgPGep+YtLVrxz7Mf3sFmpvVbejrbndi2/IKDD6H/aToxKp3NPrtWkdqG7DwvZVY+N5K5BVknzbDnnOpNTzmzbe2bev2W4gQw3VkQxKed4GhoLBz21789ubH8Jvr/ohPP/4KTqf63dY7V1ajiwcE0UlUbPbsdEOtlO+rjJSQr3V0Ne+cUWibA37j8QmuABiSSAK4CTCUHKlrxMt/ehNrVq3TbE5ntwtlaw6j5GzuBaAfa6hoxdFDXnT000a+lPjXdLvt1wrcN8wvq/pS70DBhCsARiRlgt4RyD+klFjw7gpcf/nvNb35f6dub7Pmc1Jw2PnJIb0j/IcAhkkon5fabQ/NKikJ0ztPsGABYEiSfbJDQHNTKx747bP48zNveN9Z7QTaGz3f4U3Br6vNgfK1Adc10gTgro6u5q+nFWQV6R0mGLAAMCTBCjjIle+txE1XP4Bvvtjs0+vwLQA6noqN9XA53HrHOJGBiqJ8OaNX7ni9gxgdCwAjEmABEMTWfbUFt9/wMI7U+n4DVlLuyZqxUKhqqNT92f+pJEC4l8ywZ1+pdxAjYwFgRBKeH89FhvDlZxvwh7uf89mS/w8Igbxhqb6/DhmOs9vLXv5+IAGLhHh5ut12nd5ZjIoFgCFJrgAEoa9Wb8LDc//s1at9nuhzVgYSsqL8ci0ylqgEw3zHEAJ4jisB6rAAMCLBPQDBZteOfXj0gZe8P0Wth7IHJmHIeWwCRMeX0cdQLxoJCfHSjF62c/UOYjQsAIxIcg9AMDlS24AHfvssujp93/AsPNqCoRcUYOzVfWGy8Nefji/VHovkXEMdOKpIIV6bXpjbV+8gRsLuSgYkKxd/DojTvZ3H6XShbFc5Ghqa4Hb5r7GQxWJGRlYKclQeZxtMXC4X7rr5MezYUqb53IoikJgbg4SsKMSmWJGcH4ukvBiYzPy1p1M7eqgNSx7dDEdXD7tFCoGk3Ggk58YgPisKMUnhsESYIRQBt8ONrg4XWmrbcbS6HbVlTWiu6dA+tBS7OqV55Ef79nl+QEYI4jtAhqQ4vekE2NHeiXn/WITFH3yCtjYf/BL2UEZmCn56+QyMnzxatwx6e+Nv8zW9+ZvMAraBycgbloKMPvEwh/PIX1InPjMKE24owacvb0dH04mPBE7IikbRmenIHpiEyNhTLU7+99FCa30XytfWYu8XNWiu1ehzSMje4XA8BeAKbSYMbvwqYECycskyABPVjK0/chT33vYUDuz3/Bx5Xxk3aRRuvuMKKKbQWpLev7cCv77mQU2e+5vDTOgzNgN9xmUjIs6iQTqiY7rbndix8hAOrK1F07ff2sOjLcjsm4DCMelIK4zz7gJS4sCGemxaeABN1e0aJIZUhJj84Z6Dy7WYLJixADAgWblkAYDpno5zuly47fo/omzXAR+k8s5P5kzB5ddeoHcMv5FuiVuvfwh7dpZ7PVfukGQM/UkBouINs3ObDMrtknA73T5ZWXK7JHasrMKm+Qe0aEK0vzuyu/+yzTUB39BAT6H1lSt4qOrfuvTDVQF58weA9+Ytx6HKGr1j+M2qlV97ffM3h5kw5oreOPOqvrz5k18oJuGzx0qKSaDk7GxMvX0gYlMjvZ0uP6w9/EYtcgUzFgCGJFVtF1+26DOtg2jG5XJhxdIv9I7hF06nC6//5X2v5oiMD8eUWwcifzgb+VBwSciKxtTbByKlV6yXM8nfnF1Q4OXzieDGAsCQhMcFgMPhxP6ySl+E0czO7Xv1juAXqz7+GjXVR1SPj4oPx6Rb+iPBxiY+FJzCIs2YeEN/pBXFezNNolVx3qJVpmDEAsCIhOePAJqOtkBK/73qp8bRhha9I/jF+/PU700KizBhwg39EJPCAyEpuJnCFIy9thjx2d4UuvKXU+12Ph87ARYARuT2vADw53v+arndAXv6mGZ2bN2L/XsrVI0VAhhzRR/EZXj9fJTIEMIiTBh7dV9YrKr3HSSb0X2OlpmCCQsAIxLiqN4RSJ1PPvpS9djeZ2Uiq1+ihmmIAl9MSgRGzLarHi8heU7ACbAAMCRZr3cC8pzb5cbnK9eqGhsRF4bB5+ZpG4jIIPJHpnrTb+Dsmfn5aVrmCRYsAIxISvU7yEg3u3fuR3NTq6qxg2bmwhzGrn4UmoQAhqo/vEpxmRyqGqcFOxYAhqRwBcCA1n+zXdW4yPhwFIzgFxgKbUl5McgsVndKoQAmaRwnKLAAMCLp5gqAAW3bvFvVuMIz0qGY2LSTqOiMDFXjhBRnaxwlKPAwICOSlnqghyd0eWlYaiLOyPC82cw/d+9HbYeqhoVBSUqJfXsOqhqbPyxF4zRExpTVLxHhkWZ0tXv2+ScFMmbm56d9uH9/6LQb7QEWAEYU3X0EHf5ZvEkOD0ffeM87coWbzFDZsTgo1dU0orXF84NO4jIi+c4/0bcUk0B633gcWOf5Iqjb5OgLgAXA9/ARgBElTm0BoKodMOmj5nCdqnFpdnYyJfq+dJXdASVEX42jGB4LAAMSQkgA6rrJkC7qahpUjUuwRWuchMjYErJU/k4IFGibxPhYABhXud4BqOeONjarGhebatU4CZGxqf2dUCC9PV0o6LAAMCopyvWOQD3X1aluP4Q1JkzjJETGFhZlOdYYwEMSggXA/2ABYFTCXa53BOq57i6HqnEWH529TmRUQgCWcBW3LgluqPkffAvAz0oLsgshlKsg3GMAka52ntnTboyOi4vp8c+7XIF/0E51VS2unvNbvWP4RGtLm6pxSx/fpKoHgMlqQmJ2FPKGpiKzOEHNFyaigCVVfZxJl9Y5jI4FgP+I6facuYD8LSDNgHefyB3tneho79QmWYBwOl04XK1ut3ywamtU/yrl0co27PuyFhl94jHmit58nEBBQbolXA7P7+VSitA4b9wDfATgJ9PttmcF5O/Boov8rHrnUSx7cjO6PWyeQhSIOpq6IVWcbq4okgXA/2AB4AczCnNKBXC93jkodDUd7sDat/fpHYPIa801HarGSQl17+IGMRYAfiClvFvvDER7v6pFuxePFIgCQX2Fui/yEmKPxlEMjwWAj83sbcsEMFLvHESQEgc38SBJMrbqnU3qBkplp7ZJjI8FQA/NAkyzSko83kXldslx8HbHH5FGanar/PAkCgDd7U7Ulqn7O6yYHOqO4wxi3JD2PXMB5esC2xDFhGGQYiggBwNIBUR8B2QMuppRare1AzgqgHoJsVlArnMJrJMy/KvFZWXHWV9VzgJU7Fgh8oGa3UcBKVU1UiHS24H1R+ByqHoHcPf83Yd4jPr/CPkCYC6gfF1oG6NIzFoncYEikHHsfv39m/YPbuCRACIlkAnI/hK4WJGAQFdTqT37Q0B5y4WwZf8tBuRY//ybEJ1aV7sTjYfa1PdTJ9KJlMCuTw+pGiuAjzWOExRCtgCYCyjf2HMu+AZyriJRDADSiy9FEogDxKWAvNSEztpSe84LTpPpDbichRpFJtLE4d3NLADIcA5uPILGKnUNtSTECo3jBIWQ3AMw3Z59yVq7rUxAzhM4dvPXlkgF5L1ml3Ot9nMTead2D/cBkLG4ut3Y8N5+tcM7O93m5VrmCRYhtQIw1W7rZQKeBzDJT5fk1ywKONwHQEazefEBtBxR3fn0g4/27WPVexwhswIwozDnRhOwFf67+RMFpO/2ARAZweFdTdi2vEr1eCmU1zWME1SCfgVgbF6eNdrsel5KeYXeWXrCrAhkRUVqPq/TLVHV1q75vFqyKAKZPvh3D2ZHu7rR1O35SYPcB0BG0HS4A6v+sgPSrfZNKnmgLevAUrAF0HEFdQFQWpSdBbd7AYBBemfpqT7xsbixf2/N563v7MZdX23UfF4tJVvDcfeQEr1jGMrn1bV4bXe5x+Nq9zSh77hM7QMRaaTlSCc++tMWdLWpO0obACTEw598Ah6CcQJBWwDMKMjMkW7xMSDtemfxRFFcrN4RyEB6x6v7+8J9ABTIGipaseL5rehoUn/zB3CozWn6q1aZglFQ7gGYlp+fKxXTSgCGuvkDQFF8jN4RyEBSIqxItIZ7PI77AChQla0+jCWPb/L25g8IPPBJeXlwnZmusaArAM7rlZaqmJwrARToncVT4SYTcmKi9I5BBlMUp65oPLy7WeMkROq1HOnEiue34Yt/7oGrW1W3v/8S+GbYnoqXtEkWvIKqAJhVUhLmEGHzAOTrnUWNwrhomLkkSx4qilO3mY/9ACgQtDd24Zt5ezH/gXWo2qrJib1utwvXzwW8rCKCXzDtARCdXS2vADhL7yBq9Yrl8j95jvsAyGg6mx04tKMR+9fW4fCORrhV7/I/HvnIon2VbMLWA0FTAEy3234hIS/Ret7IhHDEZ0QiPMoCoQBdbU601nWgqaZD60vhYKvvnskqKj/j1d4bhIoDkARvRKp8tw+gofM4Z1GdRFe7ExsXHkRkvOd7CIh6SuDY3zVHuwPNdZ1oqm5Dc00HpC/OSJP4rNVW+TuU+WDuIBQUBcDM3pm93S48ptV8cRmRKDw9HbaByYhOOv6HY2erA4e2NmLPmmrUlmnzLHXjkUZsbmjCgMQ4Teb7vmiLGQKen0sYG+bxCcgAgJgwi8djYsOC4q+jLoriYvClhwUAAGxZdNAHaYj0IGthwhy+9tdzJr0DeGvsWJgtTfELAOR5O1dkQjhGzLZj5EWFSCmIRVjkiW9I5jATErKjYB+djqx+iWg63I72Rs8/gP/XjsZmjE5LQbhJ2+0ZJiGw4Ugjmh2e7aydkZuJhHDPvyHWtHdiT1OLR2OGpSahb4L2xU8oaHM4sKn+qN4xiPTSLiCnLthTtUPvIEZi+AKgxJxzmwAu92YOIYA+YzMx7roSJOVGe7zsHRkfjl6j02GJMKNm91Gvlra63W40OxwYnJygfpKTzL29secbv9IjrTgv36ZqaT7BasGqQ3U9XnFQhMDFhXmqVg4IiDCbsKKqRu8YRH4nAIcEzl1QVvmp3lmMxtAFwLS8vHRFkW8BUP0Q02RRcMaVfVA8IRuKSf0zaCGAlIJYZJYkoHJLPZxd6jegVrW1oyQxDgnh6pbfTyQnOhIb6xvR4jj1CpkQAlf17YXUCKuqa0VbLGh3urCvubVHPz8uKw2j05NVXYuAKIsCWEZ8AAAgAElEQVQZq2uOoMPp0jsKkT91SGD2wrKKRXoHMSJDFwC9k2OeBjBK7XiL1YTxv+yHrJJEzTJFxofDNiAJlZvr4ehQ/2F8qK0Dp2ekQMttcSYhUJIYjy31R9F+khuFIgTm2HMwPDXJq+v1SYhFdVsnqttPvmFyYHICLuudD4WbAL1ysLUdlQF+3gORho5KBdMX7qngUb8qGbYAmFaYNUhAvACou0eazALjf9kPaYXaP3MOj7Ige0ASytfVqV4JaOzuRlpkOLI1PhwnymzGqPRkdDhdqGxr/9ESfW5MFK7qW4ChKd7d/IFjhcTQ1ETEWMw42NqGLtcP/1vEhJlxfr4NswtsMPHm7zXuA6AQsltATF6wp4Kv+3nBsJ+60+22NwUwW81YIYAxV/RB3rAUrWP9QP2BVix7cjOc3epWAjKjInDvsP4++0PqcLlQdrQFTd3d33YhjERaRIRPruWWEvub21DTcawzZ2pEOApio/mtX0N1HZ24++vNescg8ikh8a7JZbry/fJyVrteMuSn7/SinALhlruhcgWjz7hMDJ/VS+NUx7fn82p8+S/1L6X+sl8RBibFa5iIgtmdX23yuB8AkUHUQ+C2BXsqeMCPRgzZCliR7jug8uYfnx2FIef6r1Nw4ZgM5A5Wv7ltScUhDdNQsFN7LgBRAJOAfN0FR1/e/LVluAJgek5OgpTiMlWDhcDoiwphsvj3X3vEhfaT9hQ4mb1Nrdjf0rOd9ERqzwUgCkBuQLzjFu4hC8oqL1tcdrhO70DBxnAFgAiXFwJQ9W5a4elpSM7z/zcka6wFA0tzVY//4vARDdNQMFN7LgBRAGmWwCsmiP4Lyg7+ZNGeqo16BwpWhisAINU1/TFZFAycrv4m7K3eZ2YgNlXdBrtvahvg1PSwDApW350LQGQwrQDmC4GLIjpl+sKyiqs+KDu4Xe9Qwc5QzddLC7ILAYxUM7b3WZmIiNO2sY4nhCLQb7INa17f7fHYNqcTmxsaMSRZu34FFLzUngtA5A8Ws8ntcLq2CGA3JDa5oaxssx34mj38/c9QBYBUxCyh4s0FxSRQPCHbF5E8kj8yFRsXHFB1ZsDaugYWANQjRXHR+LLG88dGxf3tmPOzmR6P27OrHK+99K7H44aNGoBzZp3t8TgtHalrxNP/5/m+srGTRmPC5NE+SORfX6/ZhPnvfOzVHKPOGIzp54474T83mRRERFgRFRMJqzUcsTFRV5rzp//tBz+016sIpJKhCgAhMFXFKbPIGZyMiDj9e8wrikDRGenY+OEBj8dub2yGW0q+N0+npHYfQEV5NQYO7gPh4dnRttwMVQXAvj0HMXBIH12Pga6qUHd+QnpGMgYN7atxGv9auexLLHhvhVdzZNnS8Zu7r0K4tcerq01QHPO8uihpxjB7AM7Ny4uHVNf2t+iMDK3jqGYfnaHqzIF2hxPlfBuAekDtPoCWljaU76/0eFxScjxiYqI8HtdQfxR7d/M4Yj18vGQNnnr4r5Be7C1STApuuesKT27+AMQ/ReYM9qsOEIYpAJxm99lQsWIRFR+OVHvgHDEbEWdBem91jX22NTRrnIaCldp+AFs2er5HBQD6lBSoGvfF5xtUjSP13ntzGZ5++G9wu9QfWAYAF/x0MnoXe/jnrshXvLooacowBQAgx6oZZRuc5PHxvr6WM0hdn/1dR1kAUM+o7QewdeMuVeOGjuyvatzSBavg6MHplOQ9h8OJZx79O1594S1Ib84sB2DvnYuLrjjH02HrROaU9V5dmDRloAJADFEzyjbQ+0NttGYblAw1VUlFa7vXv7gUGtTuA9i6cbeqZeFho9QVAE2NLfj8E57n4ms11Udw102PYvnCz72eKyLSitt/fw3MZo+bsf7F64uTpgxRAMwCTIAc6Ok4k0VBSn7gNUaxRlsQn+X5KX8dLhdqOzt9kIiCjb/3AaRlJMOWq26vzYdvf8zC1odWLv8SN111P3Zt36fJfNf/+mJkZKV6OqwNXaY3NAlAmjFEAdBWkF0MwOM7Zkp+rN/b/vZUusp9CQdbuH+Gesbf+wCGjx6galzZrnKs/pQrw1qrPHgY9972FJ548BW0tXVoMue5sydi7Nkq9mIL+aroNbFJkxCkmcC8O/4Pkwmq1hdTCgLv2/93UnupKwAqWlkAUM/4ex/AlBlnqn6l729/fhvd3Q5VY+mHWlva8dIzb+BXV8zF+m+2aTbvkOEluOLa/2/vzuOjKO8/gH+e3c0mm/siISSbhCQQSLjBqoiIoBDk8OWB9W61amv9VatWq/Wo1VZtPepVq1Vbj1ZRFKkQEEXkVOSGyBFIIPdB7jvZ7O7z+4NikaJkZmd3dnY/7z+FZ+aD2ex8Z+b7PM+laoa64JLPahaENGOIAgBuoWr7vrg05VOTfCVWZbamPofGSShQ+boPICU1CWMm5Ko6Z31tI5a896mqsXRUV1cP3n97BX569X1Yung1XC6XZsfOGmbHrx/6GUxmNZcMsVikX8ClfvyQIRYCcgN2NfcVsan+WwBEDwqD2WqCy6FsKk5zH5d4pYE51gfQrHBZ4GN9AEOz7YrPecGF07Br237F4wBg4RtLMemMUcjKSVc1PlhVltdi5dJ1+HTFBnR3ad8jZM9MwcNP3I7wCFV7sAFwPa1pINKMIQoAIaD4G0GYBKIGqf3Aep8wCUQl2tBa06VoXFMPnwDQwKndF6Bo5wFVBcDpZ41D4qA4NDa0KB7b3+/Ek4+8ij+/fL/CxWWCT1VFHTZ/sQubNuzAvq+9d3OdkpqE3z91B2JiVe6iKrBOpF6wSdtUpBVjvAKA8gLAFhkCk8IlTX0tPFb5l1xbfz+c7JimAfJ1H4DZbMbFVxSoGgscvZt9+Xk2i5+os6Mb27fswasvvIubrroPN1/7AP7x0vtevfhnZqXi8efvRnyCuoXLjpJPaRaINGeIJwAA4pQOsMX7/5ao4THKM0op0edywWIxyo+O9ORpH4DSfQEAYPaF52DpB5+htvqIqnN/WrgBg1MG4bKrL1A13hccff3o1GhGTn+/E319fXA5XWhv60J7aweam9tQW9OAmqp6VByqRm1NgybnGqjcvCz89o+3qlri+TjFGPLVMq0ykfaMchWxKR0QFqn/5j+nEhat7n+/w+VGhFF+cqQrPfoALGYzrr7+QjzxyCuKxx7zz9eWICExFjMKJqs+hjctXvgxFi/8WO8YXjF1xmm49a4fe/4aRuJhIR7ybL1h8iqjvAJQvAaAv87/P545RPFKWgAAh1u77l4KfL5eDwAAzp5+GnJyM1WPl1LihSffxIY121Qfg5QRJoFrb7wYv7r/Ri0u/nuRtmmhNsnIW/z+KvnQ0YyKn5VbjFAAWNVldLjYA0AD5+s+AAAQQuCnt16uctrYUU6nC0888jd8Urhe9TFoYOLjY/DwE7djwVWztdmeWYjf8u7f//n9VfKrnBxVz/LVvLv0NbVfjv2Sv1c0cL5eD+CYEfnZuOTyWarHA4Db5cYLT76FRf9aweWCvWT8afl45tUHMW7iSI2OKIqQ+uVijQ5GXuT3BcCKkhIHAMVXPJfT/y+SStcAOMZq8vsfG/kRX+8LcLwrr78QObkZHh1DSok3X1mMP9z/F3RxJUzNRMdE4pf3XIff/ek2xMVruGqqcN/Pu39jMMKVRAJQvJC1q9//P3+ufnXv8q0mdb0DFLz06AMAjjYE3nb3jxES4nnX6lcbd+GOnz2KQyUVHh8rmAkhMH3WmXjxjYcxo2CyNo/8/2sbhhQs1fKA5D1G6SXvBqBoPoqzz/8b5dRmrOjqQhNXBCQFbMq3bgVwtA9g/iUzPDp3ZnYabvzF5Xjx6X96dBwAqKmqx50/fRQXXT4Tl187D9ZQ/5/t409GjR2O63++AMM8aND8Xm55nxCC72oMwiAFgOwGlFWp3W3+v2Ke2ox/21OicRKik/NkPYDjzZ5/DirLarB08WqPMzldLiz61wpsXLsdN//ySoyblOfxMQNdbl4WfnjNHNU7Ng5QoUifvdKbJyBtGaMAEOIIJBS9SOxp9f875G4DZKTg5sl6ACe64ZYfor6uCZu/2KVBsqNPAx741Z8xcnQOrr3hIowaO1yT4wYKYRKYMCkfl1xZgNHj1G3SpEA/hLzT2ychbRmjAJCyHBCnKRni6HGhv9eFkDD/fV/e3cICgPyf2n0BTmQym3DnfTfg1794HGWHqjVIdtS+ohLce9sTmHTGaFy44HyMnTBC6/fahhITF4XzC87CzHlTkTJkkK9O+7xIna1+3ijpwhgFAISqrp/Wmi4MytKwu1VD/X1OdDWzACD/p0UfwDHhEWH4/VN34P47n9a0CACArZuKsHVTEVLtySiYdw5mFJyJqGh1ayAYTWRUOM6YMh5Tpk3E2El5sJh9euPTgP7QR3x5QtKGIQoACVEpoLyvpKWm228LgNbqHnBaMxnB17sOatIHcExMXDQee/ZuPHjXn3Fwf5kmxzxedWU9XnvxPfzj5feRm5eFH0weizOnjEeqPVnzc+nFZDYhe1g6xk/Kw/jT8jFiVLavL/rHEfeLoee26nRy8oAhCgCTQImai2VLZaf2YTTSUuW/2YiO19HeiaamViQOUrwn13eKjArHw0/c7rUiADi6iNC+ohLsKyrBGy9/gJQhg5Cbl43heZkYkZcNe8Zgr5xXa2G2MKTak5BqT0bOsAwMGzkUOcPTEWbzi+3OdyG17TW9Q5A6higAXP2mrSaL8ilz9SVtXkijjbqDLJjJOFqa2jQtAICjRcAjT92BJx95BVs3FWl67JOprWlAbU0D1qz67/b0ane7yxuVjbzRw7SKBgAICw+D2WJGTEwkYmKjEBMXhUFJ8R5ux+tVbgjTLUJc5v9zrumkDFEALC8rq5uXba+VAilKxrXXdaO3vR9h0f41V1hKoP6g/xYnRCeKiVW3kNCpRETY8OCjv8Bbr32I99/+2OfL/XZ0dKkaN2ZiHq66br7GaQxG4q8ibeZGvWOQekZYCfA/5HbFIyRQs6/FG2E80lLdid72fr1jEA1IXHy05nf/xzu2C93dD96EMBVLFpMuauEMvV/vEOQZwxQAUmCLmnHlOxu1juKxih3+l4nou8woOMujXf0Gasq5k/DkX+9FVk66189FHjKJn7Pxz/gMUwAA8hM1o2r3taC/z6l1GI+Ub2vSOwLRgCQmxeOyqy/w2fkyhqbiqZd/g6uumw+LyuWLfSHIZ/C8J4bMWqJ3CPKcYQoAW0n1ZgCKr5wuhxtlWxq8kEidhtJ2tB/hjmbk/+LjY/DIk7fDFu7bbnOL2YzLfzQPz7zyAHK8tWa9h1qagvbmtw1u0+16hyBtGKYAWAS4AKxSM7Z4bZ3GadQ7sL5W7whE38saGoLz50zB8/94CGnp+k2VyxiaiidfvAe33HkN4uNjdMtxMs1BWwCI20T6zBq9U5A2DDEL4BtSLIeQP1Q6rKW6E0dK25CUre+XSHe7A+Uq3//bs4chO3+0xonIqJz9/diwQvmuq6PG5eKcGT846Z+FhFiQOCgew0ZkIjzCL+aYw2w2o2DeVEw7/3R8tGgVPlj4Mbq7evWOBUefb5t4u7t6UVt9BLU1DWiob0JnRxf6+vrR19uH0LBQhEfYEBERhvAIG1LTBiMzO80bP8PFIm3WG1oflPRjqALAJaxLzOjrBhCudOzuwgqcd6u+F9C9Kyvh6nerGvurp59DVl6+xonIqDrb2lQVAOmZKSiYN9ULibwrLCwUl10zBwXzz8GHC1diZeEGdLTrt5hWWLh3Zyt0dnRjy5e78fWuA9i3pwRV5XWKp0gmpyRiaI4d4yfm4QeTxyAxKd6DRKIaMN/kwQHIDxmqAFhRUtI+Nyf9Q0BepXRs7f5W1Je0ITlHn6cAPW0OHNio7lVE5oiRvPgTAYiOicSPfnoJrrz+QqxfvQVL3vsUh0srfZ4jKTlB82M6HP1Yv3oL1n62GUXb98Pp8mx9nfraRtTXNmLT+h146dm3kT08HWdOGY+Zc85GbLyiJdLdAK4VaeexeznAGKoAAAAB+aYEFBcAALDl3VJccO94mDRa01yJbYsPw+VQd/c/46JLNU5DZGwhIRZMn3Umps86E0U7i/HZx19g88Zdqhf2USpS5QqCJ9Pc3Iali1bhk+Ub0N7mnacaUkqUFJejpLgcC99chmnnn4ELF5yHjKGppx4s5J9EasFqrwQjXRmuAAgrqfysJyetHBAZSse2VHfhwLpajJg2xBvRvlPdgVaUbT2iamyI1Ypp8y/SOBFR4Bg9Lhejx+XC6XKhaPt+fLFuO77csANtLR16R/teXZ3d+OCdj7H0g9Xo7fXdzqD9/U58unwDVq3YiNOnjMMNP78MySmJ3/XXt6O147c+C0c+ZbgCYBHgmidMT0spn1UzfseSMqSMjENMsk3raCfl6HHhy7cOqp43POPiBYhN/M5fTiL6D4vZjPGn5WP8afm4+ZdXoexQNfYWHcT+PYewb89BHKlr1jviN9as2oRXnn/Xa3f8AyGlxKb1O7B989e49IoCXHLFbFhDv7VseieEvFLkX+bQKyN5l+EKAABAl/NVhJsfAKD4yuh0uLDhtf0ouGsszCHenwW56V8H0NmkrmvZZDbjop+w74ZIKZPZhKxhdmQNs2PuxdMBAE2NrThUUom6mgbUVtWjrqYBVRV1qK3x3TohzU2teP6JN32y+dFAOfr68fbrS/H5J5tw929/ipzcDACQAH4iUmcX6xyPvMiQBcDSmprueTlpz0uI36kZ31zViY1vFmPq9SMA4b1+gN3LK1C+Xf2yv5NnzcaQzKEaJiIKXgmJsUhI/PbOetWV9fjZNb5Z0n7P7oP400Mvo7nZPzcCq61pwN3/9zh+/LNLMf/i854U9lnv6Z2JvMswCwGdyOy0PAdAdelevq0RWz84rGGibyv5sg67C8tVjzeZzLj8lts0TEREelm6+DPcd/tTfnvxP6a/34lXnl+IC2fcmLwgP9+qdx7yLsMWAEvKyloh8KAnx9i3uhqbF5ZovrB38doafPnPEo8OO+oHpyNjeK52oYhIF++/8zH+9txCuDyc1udLbre8tqevfcm0zEz/WBGKvMKwBQAA2A5WvgKB3Z4co3hdLda+sh+Obs83DHK7JLa+fwib3y31uKg4bfp5HuchIn299OzbeOPlD/SOodbsSItrMYuAwGXoAmAR4BJS3oqjDSuqVexsROFj21FXrP7xXGttN1Y+uQv7Vld7EuUbYTbFix0SkR/552tLUPjh53rH8NTsSItrycSJE0NO/VfJaAxdAADA0pKqtQJQNSXweJ1Nffj02d1Y89JeNJUPfGpOR0MvNr19EMv+sB2N5f4975iIfGP5kjV4961CvWNoZVZKa/2Teocg7RlyFsCJOpzmeyMtrvMAjPL0WJW7m1C5uwnx9kikj09AUnYMYpLDERppgTAJ9HX1o6OxFw2l7aj6uhn1xa3Bvjc4ER2neO8hvPLCQr1jaEuIW+flpO1eWlL1mt5RSDsBUQCsKSvrnTs89Wq4TZsAaPK+qrmyE82V334SYDIJuN2BcbWvPnwIy//1JnZ9uRHNR45ASnXLFGstNMyG9GHDMWX2HEy/eAEsFu0+os7+fqz64D1s/Hg5KksOoq+3R7NjD0RMfCLyJp2GWT+8Arljx/v03OQbbS3teOzBv8Lp1LbhzxJqRlJODJJzohGTEo7opHCEhJthsZjg6nejr9uJvg4Hmio60VjWgSOlbehp03bHQgnxwpwcuxUCiQLIg5TpkKYECJkAwPyfv9YngAYp5BFI0yEBuU+6xW6breerRXsa9Fv1iE4qIAoAAFh2oHrXnJz0awXkuwC8Mrk/EC7+UkoseukveOe5p+F0et74qLXOtjY01ddhx4Z1WPL3V/CbF19BWla2x8etOHgAj95yE6oPH9IgpTqdbW2oPlyKVe+/i4LLr8JND/wOlhC+Wg0kf33mbTQ1tmp2vMG5MRh2VgrsYxJgtn73G1tbjBVICUfy8KPrHEi3RM2+VhzefATl2xvgdmny3RUmgBf/23ElAPG/x5XAYEgBQM6QAGCS6OkLc87LsW9zCxRapPjg3yUVe7UIRJ4JmAIAAApLKhbNzUnLA8RDemfxV28/92csfOEZvWMMSGVpCe654lI8vXgpklLTVB+ntrwM91y5AB2tLRqmU09KiRXv/BNdHe341dPPQ3hxMSrynU3rd2Dj2m2aHGtwbgzGXzgUiZlRqsYLk0BqfhxS8+Mwbn4Gdn5UjsNbGzSf8qyARQKnC4nTXZAPzx1m3y0lXjKbe/75UXEjm6d0YvgmwBMtK6l6WAi8oXcOf3Rg9068+xeP+yV9qq25Cc/e+yuPjvHMPXf6zcX/eOuWfYS1S5foHYM00NfrwEvPvu3xcazhFky5Lhfn3zZG9cX/RJEJYZhyXS5m3zUWUYl+MqNPYowAXnS7bFVzhtl/Pys/LV7vSMEo4AoAAHLiwcrrAfxd7yD+5oO/vQRpwI7F3V9+geJdO1SN3bt1C/Zu3aJxIu28//KLekcgDSxd/JnHj/4TMqMw594JGHpakkapvi0xMwpzfjMBGRP9anOxaCFxX0ifODwnJ/3XXH3QtwKxAMBDgHtZSeUNAF7QO4u/kG43tq9fq3cM1bavW6Nq3Lb16sb5SvmBYjTW1ugdgzzQ2XF0W19PpObHYeYvRyMyIVSjVCcXEmbG2deP9PmW6AMQLSAf7+nt2H3BMPtUvcMEi4AsAP5DLiupvBUCDwDwjxZ3HbW3tqC3u0vvGKrVV1WqGnekqkrjJNqrU/lvI//w8bJ16OzoVj0+ZWQcpv0sHxar+dR/WQNCAJMWZGPk9FSfnE8RIXNNEp/Py0l7nE8DvC+QCwAAkMsOVv7eLeUcAP6zGbgO+nrUbUnsL/p61E3Zc/T6/79b7b+N9Od2ubHi32tUj4+zR2DaTSNhMvu2EVQIYOIlWUgb7Zev3k0S4tc9fR1rLsjMHKx3mEAW6AUAAGB5adXHwmyaJCAMvy4nEfmPrV8V4Uhdk6qxIWFmnHPDSFhCfXPnfyIhgLN+lOs/jYH/Q55psri2zM/J4KIZXhIUBQAALC0uP7y0pGK6hLgMHmwjrJQAHL46FxH51vrVW1WPnXjxUEQNsmmYRjlruAWTfzRc1wynkOaGe/Wc7IzJegcJREFTABxTWFKxKMTiHgngMQF4c3NuhwRecwl5nRfPQUQ6cTpd2PLlLlVjEzOjMOws/3i6nZQdg4wJfjUz4ESxQrg/mZeVPkXvIIEm6AoAAPhwf3XTspLK3/S4QzIkcJ+UKNPw8I0S+LML7uzCksobhFvWanhsIvITRTv2o6tLXf/GuHkZR5/B+4mJF2d970qDfiBCmuRHc7LtHu/3Qv/l1z9xb1t16FBbYUnlo4WllVkwydMF8BQg1bTKuwHxqkmImZ1plSmFJZV3rCip9v/2cyJSbW9Riapx8fZIpIyM0ziNZyLiQzFqll3vGKcSJwRWzB86NFnvIIEioJYC9oBcdqBqM4DNc7PtYyFwnsLxzctKKm4EABzUPJuu4qMjMCg2WtNjHqiohT8vRyRMJgw/62zF49qO1KOueL8XEpE/2rdHXQGQM9k/r19jCuxoq+1G2daBtUiZTAK2WCvCY63fTGF0Od3oauxDd7sD0jt7p6S5zc6F06bh/DVrcMrNTObn2ofAIRNhMkXBhHCXgDQ5ZZvbbOoMt0aWLtqzJ6h7tFgA0PfKSRuMs8eN0PSYT7+zXM81yU/JZDZj/m8eUjzu61UfYwULgKBwcH8ZivccVj5QCGROHKR9IC0IgSnXjUDi0GgULa9AX1f/iX+MhIyob7ZJj0+L/M7XBk6HC01lHag70Iby7Q1oq9N0quu0yEr7b4HKB47/j/OGDAl3R4ScK6S7AALjIDHK7UIszAKABOTRvYukCRDSjZ6+dufcHHsZIHcCYo0wmT9beqAsqH6BWQAQEZ2SxPGbjG77qkjVUeLTIhAa6b87QAoBjDx3CIadlYy6A+1oq+2EyykRGReGlJGxR3cdHACL1Yzk4bFIHh6LsXMz0FTWgT2fVqF8Z5M2xb/APXOy05cUllZsn5djP98N/FwCM4V0H51WMbBTWADkACIHwKXS7cLcHPseCPlmv8X81sp95QHfv8UCgIjolLRp2EvO0fZ1mrdYrGakjYpD2ihtehUSMqMw9caRaKnuxOZ3S3GkpN3TQ1qEkAvnZqe7JGSuhu2U+ZDijyH97ofnDUt7wy1Mfyw8UKHfHuJeFtRNgEREvhSTEqF3BF3FpUZi5u1jMWlBtharH+ZAyFwtcp1EqJTiJpNb7p+bnf6nmWOSA/IHxwKAiMhHIv121T3fOfaaYdYdY/z6dQgASCAEQt5l7bbum5uVPkPvPFpjAUBE5CMhNn2W/fVHiUOjMevOsQiP9e4OiBqxwyRXzslJ/90CIGB+iOwBIDqBdLnx1aJ3FI+rP1jshTQUSKwsAL4lJtmGGf+Xj5VP74aj+5Sz+vRmFpAP9mbbR01zma9aU1bm/zuNnQILAKITuN0urPv73/SOQQHIFm2Iu12fih0Sgak/GYFVL+zx6+nBx0iBiyMtrhXzcxPnf1Tc2KF3Hk/wFQARBS2X2+Wzc8UOiUBIGJ8AnEzKyDjkn5emdwwlprmdtsUL8vMHNi/ST7EAIKKg9e4bhT47l7+uAOgvxs7LQNQgAzVJCpzX3dv+OrSaI6oDFgBEFJQ+LdyAdas3++Rc8WmRGD51iE/OZVRmi8DEi7P0jqGIELhi7rD0W/XOoRYLACIKOpVltXj5eeWNnmrEpITj3JvzYLYY9kbRZ9LGJCAu1WBT7qX80wVZ9kl6x1CDBQARBRUpJZ5/6k309Xp3HxhruAWjZqVh9t1jER7H5r+BEAIYOSNV7xhKWU0m8YoRpwdyFgAFNHOI/3/EQ0IM3UdkOKuWb8Q+lVv5now13IKUEbGIGhQGW0wobDFWRMSFIpCJ/qoAAA2xSURBVN4eqcVqd0EnfXwCvlpogsvh9uxAQiAxMwqJmZGwRVthi7Giv8eF3g4HOhp7Ubuv9X82PFJPjusdln4LDlY8p9EBfcL/vx2JPBCf5P+NVwmD/T9joHA4+vH26x9pcqy0UXEYMT0NycNieKHXUEioBan58ajY0ahqvC3GilEz7ciYkPi9mxdJt0R9SRsOrK1Fxc5Gj2cgSikfXJA/6O+L9jR0enYk32EBQAFtzBmT8e9/vKp3jO+UkDwYQzKN1fhkZCuXrUNjQ4tHx4hLjcRpl2UheViMRqnoRMPPTlFcAJgtAqNm2ZF3fhos1lM/jRcmgcHDYzF4eCwaD7djy3uH0Fju0bT+hB5H6M0AnvDkIL7EHgAKaBOmTsOQzKF6x/hOc6+9DkLw7tEXpJQo/PBzj46RMSERBXeN4cXfywbnxiJJwc6JoREhOO+20RgzJ2NAF/8TJQ6Nxsw7xyL7DM+exgm3uH3aNOPcWLMAoIBmsVhwyyOPwWLxv9/JnNFjMP9H1+sdI2gU7ShGdWW96vEjpg3B2T8ZqeoCQ8oIAUz9ycgBNU9GJ4Wj4K6xSMr2rCgzWwQmXzsco2fbVR9DCqREVacXeBTEh1gAUMAbc8Zk3PXMCwi12fSO8o3csePx4Mv/gDWU3eG+sv7zLarHpubHYdKlWeDDGt+xxVgx555xSBsVd/K/IAQyJiZi9q/HITpJu9/tsXMzkTEhUfV4t5TXaBbGy/zvtojICybPugDZ+aPx7l+ew5effozOtjZdcmTmjsCsH16Jgiuu9sunEoFKuiW+2rhT1djwaCumXDcCwsSrv6+FRVlx7s9HobW2GxXbG9DZ1AcAiEqyIWN8IqKTtS/qhQAmXzsczZWd6GhQvt+PAAqmTYNlzRr4/e5G/AaioJGcZsetjz2BW37/GFobG9Ha2Ajpo81HrKGhiE9KRmQM3x3roexwFVqa21WNHTM3HdZwflXqKTYlHLFzMnx2PovVjPHzh2Lda/vUDI+OqkqdBFRv0jqX1vippqBjNluQkDwYCcmD9Y5CPlK897CqcdFJNmRP5uckGKVPSET8J5ForlQ+q88N8zkA/L4AYA8AEQW8QwcrVI3LPC0JJj76D0pCAFmnJ6kbC5mncRyvYAFARAGvtqZB1bj0cfEaJyEjSR+nrhlQALkaR/EKFgBEFPCO1DUpHmMNtyAuNdILacgoIuJDERGvfKaOBHzXsOABFgBEFPC6uroVjwmP5RRNgqoCAMDAVzHSEQsAIgp4fb3KN335vnXkKXio/ByEG2FFQL8PSBToqg6V4uvNm1BWvB/Vh0pRX12FzrY29PX2wNGrfB7y91m+ZA2WL1mj6TEDVe2+Frz18/Xf+edWmxlmqxlhkSGITrIhOtmGxIwoJA2L4bTBQOKbmcK64KeUSAf7d2zD50sWY9OnK9HccETvOKSCo8cF9LjQ0+ZAS3XXN/9dmATi0yMxdNIgDJ2UhLDoEB1Tkqe62xyqhnEhICL6htPpxNqPPsQHf/srKku124+e/It0SzSVdaCprAPbFx+GfVwCRhXYEZ/GhkIj6m7pUzNM3apTPsYCgMgH1hcuxetPPIoj1dV6RyEfcrslyrc3omJHI1LHJGDSJVmISgzTOxYNUFdzH7qalRcAAij3QhzNsQAg8qK6ygr85YF7sXPjd79LpsAnJVC1qwm1+1owusCO/Jl2LjBkABU7G1WNk0CxxlG8grMAiLxk06crcftFc3jxp2+4HG7s/KgcK5/YperOknxHSuDQV+r6cyTEXo3jeIVhnwDMGzIk3BUm0oQwR2l6YCGVz9+UwjInO33iSf8IGC5UtJEe2L1D0+1r25ubVY1rbOvE3sPaPrZWs/9OZ1sbSr4u0jSHt0gpseyt17H6w/f1jkJ+qrG8A4WP78D0m/OQONQQU8aDTvm2BlX7AACACa61GsfxCsM9g5qbkz4PkHcCmALArHceIiK1LFYzpt4wAqmjuOSwP3E6XFj2h+2qtgMG0N6ZVplghFkAhrmATpw4MWRCuOU1IfBHAJng6wsiMji362iTYEJGFKKTtN/bnpSTEtj4ejGOlKpu5F/yyfb297TM5C2GuYgOaa9/QQj8WO8cRERacrsk1r26D01lHXpHIQC7lpWhfLu65j8AkML0loZxvMoQBcCc4fazpRQ36Z2DiMgbnH0urH5pD3ralC9ZTNpwOSW+ePMAilZUqj6GkKjtSi1fqWEsrzJEAWBy4xd6ZyAi8qbe9n5seH0fpDuA1571U42H27Hy6V0o3VTv0XGkSf7ZCO/+jzHELAAJTNM7AxGRt9UVt+HAhjrkTk3RO0rAc7sljpS0oXhtLSp3NqqanXSCJpu1768aRPMZvy8Apk2DBVVI1DsHka+ERoTAFmdFRGwoLFZDPKQLPhLoae9Hb6cDnY29cLu0u2vf/uFhmM0CITa//3o2Fgn0tDvQ2+FAR2Mvave2oK9bu5t1KeXvFu1pUDdvUCeGmAY4N8feAYALaVPAikwIQ9YPkmAfl4B4Oz/qRuJ0uFCztwWVu5pQtrVB02KAjEEARR1plROM9PgfMEgBMC/HvlYCU/XOQaS10IgQ5J2fhpHTU2G2GOLXkb5Hd0sfilZU4OAX9XyXHzz6pBRnFZZWbNM7iFKGWAcgNz7aAoj5eucg0lJSTjRm3TEGQ/LiuC58gAixWZA2+uhTnOqiFrhdbr0jkZdJKe8oLK1concONQxRAAwZ077b2h4zFwA7YyggZP0gCefclIeQML7nDUTRyTakjU1AVVEz+ntdesch73m7sLTqHr1DqGWIDqM1a+AUbtdFALiJOhleck4MzrxmOExm3vUHstiUcJx7cx4sVkPcZ5FCAuJzF0KvB1Rs9uInDPPJPNDS0TY0JfpfZpcpHsBYGKR4ITpeRHwozr99DEJCDfOrRx6wRVsRPciG8h3qV5Yjv7TGZO65sPBgVbfeQTxhyFuQi0akJjic5ukC0i4hQrx6MpMwC7ccKiGThBAmt0SzEKIEUjrUHxNxcGOogNR2J0PlQUIh3AlSilAhfPdZEIALUnZLoBnAt56PSsAhhaiDQLlwwy9foAogD5DXqhk79YaRyJjAWa3BZtVzRajd36pipIRBv6YD2RJbr7xyUVVVj95BPMVPFpFCc7PTnoEQtykdl5AZhdl3jYPgb13QaanswrLHd6jbC5v8hQuQj0wqqXrkIfjnzYlS7EAiUkqIcWqGjZg6hBf/IBVnj0BSVjSOlLbpHYXUqRDSdN3S0vLVy/ROoiG+RydSboTSASaTQOqoOG9kIYOwj43XOwIpJIB+SPmcydwzamlp+Wq982iNBQCRAgvyB0UCSFY6LjErCqGR3m1XIf+WOipB7wg0cA5AviXdMn9ZadVtHxU3BuRezXwFQKSAozckTk3nTFSiTfswZChRg8IgBNsA/NweCfGW2Szf+qi4qkbvMN7GAoBIAacpJFJI5f0/thje/Qc7k1nAGhGCvs5+vaPQUS4BlEmInYD8XJjMny09ULZf71C+xAKASAGThE3NDZw1ggUAAWERFsUFgJCizC1wt5ciBQ2TcLvdwtQm4G6X0twRbo0sXbRnj/rp3AGABQCRAm4phZpOfsHHvgSomngtBVoLSyoWaR+Ggh2bAImIiIIQCwAiIqIgxAKAiIgoCLEAICIiCkIsAIiIiIIQCwAiIqIgxAKAiIgoCLEAICIiCkIsAIiIiIIQCwAiIqIgxAKAiIgoCHEvACIfcDrdcHQ79Y7hN9wuCWefS+8YPud2Kd8UQkhpnpOeHqdljvCoqK5g3wiHVG1NQRS85mSnTxRCbtU7B5EG6gDxGUzu55YdqNqsdxjyPb4CICIKToMBeRXcYtO8HPuTCwCz3oHIt1gAEBEFNyGBO3uy057SOwj5FgsAIiIChLhtXnbGdL1jkO+wACAiIgCAFO7b9M5AvsMCgIiIjjnvIV4XggZ/0EQKmIRQPo+LyDjCd2UnJ+odgnyDBQCREma06B2ByJu6ItCldwbyDRYARAp0pJRXAmjVOweRlxz+ZHc9C4AgwQKASIE1a+CUwAd65yDykoV6ByDfYQFApJB0WR4BRIfeOYg0Vt8fKp/UOwT5DgsAIoWWHz5cLgSuBNCndxYibYgOkxSXrNxT1ax3EvIdFgBEKiw9WLHMLeQ5AHbpnYXIM/ILAZz5UWnFRr2TkG9xMyAiDzwEmDYPs08RwDnCjSHCJFlUfw8pkQQpUqVAhBD8/vkWKV0QolVAVgDo9Oap3FI4AVQLk1zFjYCIiIiIiIiIiIiIiIiIiIiIiIiIiIiIiIiIiIiIiIiIiIiIiIiIiIiIiIiIiIiIiIiIiIiIiIiIiIiIiIiIiIiIiIiIiIiIiIiIiIiIiIiIiIiIiIiIiIiIiIiIiIiIiIiIiIiIiIiIiIiIiIiIiIiIiIiIiIiIiIiIiIiIiIiIiIiIiIiIiIiIiIiIiIiIiIiIiIiIiIiIiIiIiIiIiIiIiIiIiIiIiIiIiIiIiIiIiIiIiIiIiIiIiIiIiIiIiIiIiIiIiIiIiIiIiIiIiIiIiIiIiIiIiIiIiIiIiIiIiIiIiIiIiIiIiIiIiIiIiIiIiIiIiIiIiIiIiIiIiIiIiIiIiIiIiIiIiIiIiIiIiIiIiIiIiIiIiIiIiIiIiIiIiIiIiIiIiIiIiIiIiIiIiIiIiIiIfO3/AZEANHZ9segoAAAAAElFTkSuQmCC\" style=\"width: 512px;\" data-filename=\"house.png\"></p><p>Presentamos la casa ultimo modelo</p>', '-34.672414', '-58.487047');
INSERT INTO `articulo` (`idArticulo`, `titulo`, `subtitulo`, `descripcion`, `latitud`, `longitud`) VALUES
(5, 'comidas fits', '', '<p>burgesa</p><p><img src=\"data:image/png;base64,iVBORw0KGgoAAAANSUhEUgAAAgAAAAIACAMAAADDpiTIAAAAA3NCSVQICAjb4U/gAAAACXBIWXMAABCSAAAQkgGCRHbKAAAAGXRFWHRTb2Z0d2FyZQB3d3cuaW5rc2NhcGUub3Jnm+48GgAAAv1QTFRF////ANlfANlfANlfANlfANlfANlfANlfANlfANlfANlfANlfANlfANlfANlfANlfANlfANlfANlfANlfANlfANlfANlfANlfANlfANlfANlfANlfANlfANlfANlfANlfANlfANlfANlfANlfANlfANlfANlfANlfANlfANlfANlfANlfANlfANlfANlfANlfANlfANlfANlfANlfANlfANlfANlfANlfANlfANlfANlfANlfANlfANlfANlfANlfANlfANlfANlfANlfANlfANlfANlfANlfANlfANlfANlfANlfANlfANlfANlfANlfANlfANlfANlfANlfANlfANlfANlfANlfANlfANlfANlfANlfANlfANlfANlfANlfANlfANlfANlfANlfANlfANlfANlfANlfANlfANlfANlfANlfANlfANlfANlfANlfANlfANlfANlfANlfANlfANlfANlfANlfANlfANlfANlfANlfANlfANlfANlfANlfANlfANlfANlfANlfANlfANlfANlfANlfANlfANlfANlfANlfANlfANlfANlfANlfANlfANlfANlfANlfANlfANlfANlfANlfANlfANlfANlfANlfANlfANlfANlfANlfANlfANlfANlfANlfANlfANlfANlfANlfANlfANlfANlfANlfANlfANlfANlfANlfANlfANlfANlfANlfANlfANlfANlfANlfANlfANlfANlfANlfANlfANlfANlfANlfANlfANlfANlfANlfANlfANlfANlfANlfANlfANlfANlfANlfANlfANlfANlfANlfANlfANlfANlfANlfANlfANlfANlfANlfANlfANlfANlfANlfANlfANlfANlfANlfANlfANlfANlfANlfANlfANlfANlfANlfANlfANlfANlfANlfANlfANlfANlfANlfANlfANlfANlfANlfANlfANlfANlfANlfANlfANlfANlfANlfANlfANlfANlfhmZsnAAAAP50Uk5TAAECAwQFBgcICQoLDA0ODxAREhMUFRYXGBkaGxwdHh8gISIjJCUmJygpKissLS4vMDEyMzQ1Njc4OTo7PD0+P0BBQkNERUZHSElKS0xNTk9QUVJTVFVWV1hZWltcXV5fYGFiY2RlZmdoaWprbG1ub3BxcnN0dXZ3eHl6e3x9fn+AgYKEhYaHiImKi4yNjo+QkZKTlJWWl5iZmpucnZ6foKGio6SlpqeoqaqrrK2ur7CxsrO0tba3uLm6u7y9vr/AwcLDxMXGx8jJysvMzc7P0NHS09TV1tfY2drb3N3e3+Dh4uPk5ebn6Onq6+zt7u/w8fLz9PX29/j5+vv8/f6jlYVnAAAeAElEQVQYGe3BC3zP9f4H8Nd++/nZbJjsRLUuI0k3DinncDRDdBu5JAmTVY6UKdHFmeuiTrd/5yByxImdZFN0oTJy5JJLipbclzaWbC39dv/9Xo//0dVlt9/v+/1+vt/v7/d+PhE8wmNax/cf8eRzC5auWLV247Zde7OPFrgrKtwFR7P37tq2ce2qFUsXPPfkiP7xrWPCIQKFq3m3pGmLVu84XEQfFB3esXrRtKRuzV0Q9uS4JG7Y5IXrDnuoiefwuoWTh8Vd4oCwjej40fO2FFFXRVvmjY6PhrA2V+vBz6zMpWFyVz4zuLULwoqaD5mzs5wKlO+cM6Q5hIU42ycvPUKljixNbu+EMF+DHlMy3TSFO3NKjwYQ5nF0mLzZQ1N5Nk/u4IAwQdOhacdpCcfThjaFUMnZOXW7lxbi3Z7a2QmhRMOh6YW0oML0oQ0hDFZ/0PJSWlbp8kH1IQwTMSCjmBZXnDEgAsIA4X2XuGkL7iV9wyF05ei5+ARt5MTing4IvcSkZNN2slNiIHQQmrCigrZUsSIhFEKb2Kk5tLGcqbEQfqvT730vbc77fr86EP6ITsljQMhLiYbwVYtZRQwYRbNaQPii0zIPA4pnWSeIWgrtt4kBaFO/UIiaRTy4nwHqwIMRENVrkJLPAJaf0gCiahHjjzPAHR8fAVG5sDF5DAJ5Y8IgzuYamcMgkTPSBXE6Z1I2g0h2khPid47B+xhk9g12QPwibgeD0I44iJNi0xmk0mMhIlNLGLRKUiMR3EISjzCoHUkMQRDruIVBb0tHBKuL0ij+J+0iBKPQsW6Kn7jHhiLotNlK8ZutbRBcwqaXU5yifHoYgkjcHooz7IlDsIia66U4i3duFIJCn1yKSuX2QeBrmkFRpYymCHAJxyiqcSwBgazebIoazK6HgNV2N0WNdrdFYHKMK6OohbJxDgSgmEyKWsqMQcDpn09Ra/n9EVgi51P4ZH4kAkjLLAofZbVEwOhdSOGzwt4IDI5UL4UfvKkOBIDGqyj8tKoxbK/tIQq/HWoLm0ssptCgOBF25ppJodFMF2yryQYKzTY0gU21Okihg4OtYEtdCih0UdAFNjSkjEInZUNgO5ModDQJ9uJaSKGrhS7YSNQaCp2tiYJtxGZR6C4rFjbRLo/CAHntYAudCikMUdgJNtDdTWEQd3dYXq8SCsOU9ILFDSynMFD5QFhakofCUJ4kWFiyl8Jg3mRY1gQKBSbAomZQKDEDljSDQpEZsKAJFMpMgOUkUyiUDItJ8lIo5E2CpQz0UCjlGQgL6VVOoVh5L1hG9xIK5Uq6wyI6uSlM4O4ES2hXSGGKwnawgNg8CpPkxcJ0UVkUpsmKgslcayhMtMYFcy2kMNVCmGoShckmwURDKEw3BKbpUkZhurIuMEmrAgoLKGgFUzQ5SGEJB5vABK4NFBaxwQX1ZlJYxkwol0hhIYlQrG0xhYUUt4VSjQ9RWMqhxlDIsYrCYlY5oE4qheWkQpneXgrL8faGIi0LKSyosCWUiMyisKSsSKgwn8Ki5kOB/hSW1R+Gi8mnsKz8GBjMkUlhYZkOGGschaWNg6HallFYWllbGKjebgqL210PxplNYXmzYZgEChtIgEGaHqOwgWNNYYwMClvIgCH6UNhEHxggKpfCJnKjoL+5FLYxF7qL81LYhjcOOgvbQ2Eje8Kgr+kUtjIdumpTTmEr5W2go9CtFDazNRT6GUthO2Ohm4vcFLbjvgh6SaOwoTTopCOFLXWELkK2UNjSlhDoIZHCphKhg8gjFDZ1JBLapVLYVio0iy2hsK2SWGiVTmFj6dAojsLW4qCJYweFre1wQIvBFDY3GBo491HY3D4n/JdEYXtJ8Jsrm8L2sl3w10iKADASfgrLoQgAOWHwzxiKgDAGfonIowgIeRHwx3iKADEefmhwnCJAHG8A36XQPsrzD32+/r3X5z47afyjj4wZ/eADf73/3uHDhg4eNHBA/76397rtlpt6dO/apWvCwHuTJ0x/af6Sd9dt++qb78sZNFLgs4h8Wlf+l2szFrw0bfzIuxPi2rVoEg7/1G180RXXdbntzqTkJ194/b/7ixiw8iPgqwdpNQVfrn39xSeG33LthS4YI6pV18HjXljy3/1FDDQPwkehB2gNx7Ys+b8nht967YUuKBR1RbfB419csv5AMQPDgVD4ph9NduLzt14YnXB1fZis0ZW9H1/4yQ+0u37wzSaapHTPqtnj72gfDWu5oNuof2bm0r42wSedqN7RNTMf6n6hAxbW8PrE6W/tqaAddYIvllGhir0rnr7nT1GwC9eVfSe8tu1H2ssy+KCFh0p4d6el9L+6Luwo5KIeT7yZS9vwtEDtzaLhvLsXPdy5Puwups/0zB9oC7NQa9FFNJL3q8UP31AfAcNxReLMrWW0uqJo1FYKjeLds/iRuAYIQHU7PPTa17S0FNRSnTwawLsnbWxcAwS0ZsP/fZiWlVcHtdOPevvh3ce6NERwuDTptRxaUz/UzvvU0/crxrYPRXBpcd/iXFrP+6iVWC/1Uro8+Y8OBKeW9y/5ntbijUVtTKVOPhsdjaDmjHsmi1YyFbUQmkM9eF+9FgJo9uCqElpFTihqlkA97I2D+EVEr7k5tIYE1GwFtauYEQ5xipC2f9vkoflWoEYxFdTsu+shznLuXz/y0mQVMahJCjU7ehVEpS5I3kRzpaAGjmxq9c1lEFWKHf8pTZTtQPV6UqvDzSCq1TIli6bpieotpkaeGyBqdM20/TTHYlQr/AQ1mgFRK9fNLqQJToSjOn2p0acuiFqqN3Qd1euL6iyhNmVXQPig5dNHqdgSVCPCTW0WQvjGefvbFVTJHYGqDaBGrSF8dsGT+6nQAFQtg9p8AOGPkPjFJVQlA1WqX0xtekL4qcnkb6lGcX1UZRC1yYPwX9jwnVRiEKqynNosg9Ck2zteGm85qtCwlNqMhdDo8lluGq20ISo3lBr9GUKzcx7/hgYbisqlU5uSuhA6qDNoCw2Vjko5C6nNYQiddF1HAxU6UZnO1GgvhG66rKFxOqMyqdRoJ4SOOq+mUVJRme3UaAuErjp9QGNsRyWaeqnRfyF09ueVNIK3Kc42lFp9BaG769+lAYbibGnUqqIuhP7av0PdpeEsjuPU7GoII9ywhTo77sCZOlC7OyEMEXLXIeqrA840mdpNgTBI3XHfU0+TcabN1O4TCMM0frGM+tmMMzTwUAfXQBjn0qXUjacBTteDevg/CCN13Ei99MDpplAP+WEQhrpjP/UxBafLpC4GwwyhDS+84vpufYaOeuKpfyzIWP72e6s+zPzovxs2bdm24/Mvvvxq34Hsw7nf7Nmx4cPl/5n30oyJjz4wbMBtXf/UusX5US7YTd3nvdRDJk7jdFMX2ZFQov6lHfuOnDxr0fK12/YcddN/Fcd2fvDvZx4Z1PXKxiGwh5vyqAO3E6dqT528AOM0aNGp7wNTXn5z48EiGqDs8JYVc6eO6tfp0khYWtNV1EF7nCqZOvFcB73VaRZ/z5SF6w4WU5kf961/46nEDo1gTSHzqV0yTrWUevnMCZ3UaRZ/z5SF67720DR56+Y8fEvzUFiNczk1W4pTHaFuFoRAI+dlCeP+te7rClpE6a70aUOuawgLCf8vtTqCUzSnjl6G3xpeNyQ1I6uMlnRkzezkm2IdsISondSqOX43hHp6Eb5rGPfQzMxcWl/x5wvuu8oB013roUZD8Ls51NULTvigUddx/9nrpZ18vzKlW32YaxY1moPf7aS+PrkMtRLd4/GlB2hPFTv+OSgW5jnnGLXZid+4yqkz9/2oQdOb/7bsa9rdkfRH/uSCOZKoTbkLv2pN/a3siKo0uW3SihwGjJL1T/c+F+qF5lCb1vjVYBphU/9QnOXiwXO/YgDat/D+qx1Q62lqMxi/eobGOPB0QmP8pm7r+177mgGs4I17zodCV1GbZ/CrlTSMN2vulCceHjl84htfVjAIfDb9BidU2U5NVuJXuRT6KUxPioESj1KTXPwimkJnnz99gwOGi6c20fhZPIX+js7sEgpjNaU28fjZaApD5M3uGgojFVCT0fjZPAqjHJvT3QnDfExN5uFnWygM9N0rPZwwxmvUZAt+4iiiMFbes1fDCP+hJkUOnHQJhfG2PtAIunuL2lyCk+IoVCh5vWco9LWK2sThpGEUinyTehn09BG1GYaTJlOo83FSBHTzBbWZjJMWUqhU8Gwz6CPKQ20W4qR1FGp53uoKPdxEjdbhpMMUyn1xfz1oNpUaHcb/uDwUJij4eyw0WkONPC4AzSnM4XkzHlr8oYRaNQfQjcI0n93hgN+mULNuAJIoTJQ1KBT+iThOzZIATKMw1d5EJ/zxELWbBmARhckO3OeCz5wHqd0iAKspTPf1A3Xho79TB6sB7KCwgJzkcPiiH/WwA8BhCkvIG1UHtXb5D9TDYQBFFBaxpw9qKTKLuigCwml73sJvsjZ/kPHqS9MeGzn49ttuualH965dbvhLxz9dd23bNtdcdcXll13aLPaq67v2GnTfwykz/rkgfeX6HfuOnPDSetZ3QK28Tp2EI4Z25N6/IWPWxBG3x7dveX5kCPwSEnFus/a9RkyZ+86nRz20iiXNUaM6L1EvMWhN2yg/tPmtOVMe6Nvx0kjozBnTvteIKXPf+fSohyYre6ExqnfJZuqmNeJpeZ6v1y2YnHjDxaFQwBnTvtfDc9d/R/N8Py4M1eiVT/3Eoz+t69uNi1Pv7XapCyb4Q+f7n1+Z7aUpsu8OQRXqPEc99ccIWpD34LvPJnVsDNNFtB00dekXpVTuq+QoVCLy3s+pqxF4kpZSuuuNKQP/WA+W4rys12MLPi2nUu45rXGGtrN/oM6exHO0iuLNM4e3ccKywjuOSdtPldbf2+mCEPwk9OK4UVupv+ewgBZQvHnm8NZO2ED0TRPfOUaFSr5aOevlD/aV0RgLsJTmKt48c3gbJ2wldsCLn3kZEJZiBU1Ttnnm8DZO2FPj21/8zEvbW4FVNEXZhtQbI2Bz5/R+YYeXtrYKa6ne1tQbIxAgzun9wpe0r7XYSMW+ffZKBJjmoz8opT1txDYq9d2wOghE9fv86yhtaBt2UaXX/oCAFXLdlO20m13YS3V+uBkB7oIRazy0k73IpjIF1yMInPfgei9tIxtHqcp3f0SQuPDhzbSJoyigImXXIojEPvYp7aAAbioyDkHmsomHaHluVFCNTAeCTkj310tpbRWooBLFMQhK0WN20coq4KYSLyNodXjlBC3LjQKq4L0cQSwyaRMtqgBHqcLbCHJtXi2lFR1FNlW4E0Gv6ZRjtJ5s7KUKMRAIS9pFq9mLXVQgG+InN77npaXswjYqsAjiF61eLqKFbMNGKjAV4jfRT52gZWzEWiowAeIUjaf+QItYi1VUYCzEaRpN+Z6WsAorqMAoiDNETSqgBazAUirwJMRZGqbk03RLsYAKpEFUosGEQppsAZ6jAjshKhX9UhlN9RyepAJldSAq1yKdZnoSI6hCJ4iqdNxI84xAf6owD6Jq/ffTLP0RTxVOREJUzZV8nOaIR2sqcQ9UCIk8r+W18TfdktC7T/8BA+8ekjj83vtHjnrogWF3JnTv2LbVxedGhsKaol7w0gytEUMlslwwgPO81jfe/cDjqS8tyPhwc9Y3hR7WqPT73P07P1nzxj/+dm/C9ZeEwzJuPEoTxCCcakyEXsIvvu624U+8mJb5xTEvtfph7/r0mRNH3P7n5pEwWZP3qV44UEQlSltBqz/8eciUxZ/k0yA/bF08aWC7+jCNI42qFQE4TDU21IW/mnZKnPb6tkIqkbt2ziO3tawDE9RZRcUOA9hBRZbXgY9CLrhh+FNLd5ygeuV73n72/i7nQ62ITVRrB4DVVOWNUNRWo7j7ns743E2znfj42TsugjoXnKBSqwEsojJv1EfNom987I0DtJLcjHGd60GNh6nUIgDTqM7+DqhOk5smZGTTksq3zxzaMgSGc35OlaYBSKJC5RPDUanzb5341je0uPz3JvZoBGN1pUpJALpRqWOTz8XpnO0fXnaEduH98tURrWCckANUqBuA5lSs5LV7WuIX53Wf+OGPtJ39L3StA4NMpkLNAbg8VO/Y+8vS5s9fX0Db+v4/g86BES6lOh4X/ucwhV8qPhrbEvr7gsocxknrKPy259k4J/T1BpVZh5MWUmiRv+jOKOhoCpVZiJMmU2hUnjnmUuhlIJWZjJOGUejgi8djoIuuVGYYToqj0IXn/UH1oN3NVCYOJ11CoZcfXvlLCDTqQ2UuwUmOIgr97E+5BJrcRVWKHPjJFgo9eT/s5YD/xlKVLfjZPAqdHXz0HPgrg6rMw89GU+iuaO418M9RqjIaP4unMMJH/ZzwXXMqE4+fRVMY4/DjUfDVWCoTjV/kUhik8Kk/wCd1DlOVXPxqJYVh3M+fDx8MpTIr8atnKAxUMusS1FbITirzDH41mMJQ5a+2RO08TnUG41etKQzm+c+VqIXuHqrTGr9ylVMYzfPK+ajJxd9RnXIXfrOTwnjuqfVRrbCtVGgnfjeHQoVvH3Ciag3epEpz8LshFGp81QdVabuPSg3B75pTqPLxn1GpUaVUqzlOcYRCmWU34CxXL6NiR3CqpbS90u8OfLY+88P3V7779vI3M954PW3RvxfMnzf35blpK9Z8kvV1fhmt44sH6uMUde9eT+WW4lTJtJ2yb7a+869nJz187503/6V1s+i6qEmdRhe2at/l1juTkifNWbHtiIdmOjEnKf5iBxByfse7n/+OJkjGqdrTHrxHPl356owxd8Vf2TgE2oSe3+62+ya9vGJbbgVNUrbny2KapT1O5XTT2rxfr355bO8rw2CA0PPa3fbIK+uPM5i4nThNJi3K+/Xql8f2vjIMxju38/0vrMz2Mihk4nRTaDXer1e/PLb3lWFQLKLtoKlLvyhlgJuC0/WghRxa+njvK8NgJuflw1750svA1QOna+ChJRxKf+LGxrCIxrdNX1/CgORpgDNsptmy05/oEQ2rqfvnR988xoCzGWeaTBMdf/PJHtGwrsvumbebAWUyztSBJjmW/tA1IbC+6IQZ60sYKDrgTI7jNME3U68KgX3UjXshm4HguANnSaNy628Ohe20m/oFbS8NZxtKxQr/GgJ7avnYJ17a2lCcramXSm2JgY3FjMqsoG15m6IS26nSxw1hc40TlxfTnrajMqlU6KMIBICIfosLaUOpqExnqvNtUwQIV885x2k3nVEZZyGV6YUAEpb4CW2l0IlKpVOVfyPAXPuvItpHOio3lIp4r0DAafTwHtrFUFSuYSnVeBeBKOTGNytoB6UNUYXlVOMmBKgLpx6l9S1HVQZRifIIBKw6d66j1Q1CVeoXU4WtCGhXzfyBVlZcH1XKoAovIcDVH7mL1pWBqg2gCo8j4IX0302rGoCqRbipQDKCQOg92bQkdwSqsYQK3IegUHd0Hi1oCarTlwqMQpCInPA9LacvqhN+gsabiaBxzowiWsuJcFRrMY33EYLIeTPLaCWLUb2eNN7xEASTZv/20Dp6onqObBovHsHlqjdpFdkO1CCFxluEYHP9alpDCmoSU0HDFUfBAI6GMa2u63rTLbf17tPvjoGDBg8dlnTfvXf3vTnu+mtaxDQOD4Gpuu6iBVTEoEYraLynoAdXTLubh41/ZvbiFWu37TnyI2tQnJ+zd8vb81JH39nlisYhUC3sHzTfCtQsgcYrbwO/1b381vtT/vHGut0F1KA8Z/t7r854+K7rG0GZW3+g2RJQs9AcGm9rKHwWflXvsbM/POShvo59PP/xvleHQ4GupTRXTihqYSoVeDUEtVa/Tb/HXln7jZcG8mZ/8M+HejYLhaEGeGmqqaiNWC8VmIWaudreOeHV9UepTmnW68kd6sIw02gmbyxq5X2q8Eo4qhHWfsTcbaU0RcnG5++4CIYIP0ATvY/a6Uclsv6ISoV3eOBfO8ppspz0RzuFQ3e30kT9UDt18qhE2bMX4nTO6x56dWcFraJs60uDmkFfn9A0eXVQSylUpHxxfDh+EXbD3z74kdbzbdpdjaCfUTRNCmoruojKlG14PuXRUROXfFFOy6pYO7YldNK4jCYpikatzaI4w55nuzihh0yaZBZqr4WH4iwFaXc1gmYv0hyeFvDBMorKVHw0tiW0uY/mWAZfdKKoyt7nroUGN9AcneCTTRRV2z6iAfwVR1Nsgm/6UVTnx1eug39upin6wTehByiqt2NkA/ihL81wIBQ+epCiJu5518Nnj9MMD8JXEfkUNfvsgYbwzds0QX4EfJZCURvu+R3gg5B8miAFvmtwnKJ2Ph8VidrqQBMcbwA/jKeoreN/i0LtLKEJxsMfEXkUtVY4NRq10KyC6uVFwC9jKHzw49+bokbzaIIx8E9YDoUvil+6ENUbSBPkhMFPIyl8U/rcOajGVT/SBCPhL1c2hY8KHg1DVRp8RRNku+C3JAqfZQ8OQaXOW0czJMF/zn0UvtveDZXo8S3NsM8JDQZT+OO9NjiDM9VLUwyGFo4dFH75qL8Tv4uZ/A3NscMBTeIo/JQz6aZW4QCadhj0VgXNEgeN0ik0yPuqiGZKh1axJRS2VRILzVIpbCsV2kUeobCpI5HQQSKFTSVCDyFbKGxpSwh00ZHCljpCJ2kUNpQGvVzkprAd90XQzVgK2xkL/YRupbCZraHQUZtyClspbwNdTaewlenQV9geChvZEwadxXkpbMMbB93NpbCNudBfVC6FTeRGwQB9KGyiDwyRQWELGTBG02MUNnCsKQySQGEDCTDMbArLmw3j1NtNYXG768FAbcsoLK2sLQw1jsLSxsFYjkwKC8t0wGAx+RSWlR8Dw/WnsKz+UGA+hUXNhwqRWRSWlBUJJVoWUlhQYUso0ttLYTne3lAmlcJyUqGOYxWFxaxyQKHGhygs5VBjKNW2mMJCittCsUQKC0mEcjMpLGMm1HNtoLCIDS6YoMlBCks42ASmaFVAYQEFrWCSLmUUpivrAtMMoTDdEJhoEoXJJsFUCylMtRDmcq2hMNEaF0wWlUVhmqwomC42j8IkebGwgHaFFKYobAdL6OSmMIG7EyyiewmFciXdYRm9yikUK+8FCxnooVDKMxCWkuSlUMibBItJplAoGZYzgUKZCbCgGRSKzIAlzaBQYgYsagKFAhNgWcleCoN5k2FhSR4KQ3mSYGkDyykMVD4QFterhMIwJb1ged3dFAZxd4cNdCqkMERhJ9hCuzwKA+S1g03EZlHoLisWthG1hkJna6JgI66FFLpa6IK9TKLQ0STYzpAyCp2UDYENdSmg0EVBF9hSq4MUOjjYCjbVZAOFZhuawLZcMyk0mumCnSUWU2hQnAiba3uIwm+H2sL2Gq+i8NOqxggAjlQvhR+8qQ4Eht6FFD4r7I2A0TKLwkdZLRFAIudT+GR+JAJL/3yKWsvvj4ATk0lRS5kxCECOcWUUtVA2zoHA1HY3RY12t0XAqjebogaz6yGQJRyjqMaxBAS4phkUVcpoisDXJ5eiUrl9EBSi5nopzuKdG4VgEbeH4gx74hBEwqaXU5yifHoYgkubrRS/2doGQSd0rJviJ+6xoQhGF6VR/E/aRQhWHbcw6G3piCAWkniEQe1IYgiCW2RqCYNWSWokRGw6g1R6LMRJcTsYhHbEQfzCMXgfg8y+wQ6I3zmTshlEspOcEKdzjcxhkMgZ6YI4W9iYPAaBvDFhEJWLGH+cAe74+AiIqjVIyWcAy09pAFG9iAf3M0AdeDAComah/TYxAG3qFwpRS52WeRhQPMs6QfiixawiBoyiWS0gfBWdkseAkJcSDeGPOv3e99LmvO/3qwPht9ipObSxnKmxENqEJqyooC1VrEgIhdBBTEo2bSc7JQZCL46ei0/QRk4s7umA0FV43yVu2oJ7Sd9wCANEDMgopsUVZwyIgDBM/UHLS2lZpcsH1YcwWMOh6YW0oML0oQ0hlHB2Tt3upYV4t6d2dkKo1HRo2nFawvG0oU0hTODoMHmzh6bybJ7cwQFhngY9pmS6aQp35pQeDSDM52yfvPQIlTqyNLm9E8JCmg+Zs7OcCpTvnDOkOYQVuVoPfmZlLg2Tu/KZwa1dENYWHT963pYi6qpoy7zR8dEQtuG4JG7Y5IXrDnuoiefwuoWTh8Vd4oCwJ1fzbknTFq3ecbiIPig6vGP1omlJ3Zq7IAJFeEzr+P4jnnxuwdIVq9Zu3LZrb/bRAndFhbvgaPbeXds2rl21YumC554c0T++dUw4gsb/AzXR9oGNDq+9AAAAAElFTkSuQmCC\" style=\"width: 25%;\" data-filename=\"spotify.png\"><br></p>', '-34.675167', '-58.488248'),
(6, 'super alan', 'sheessss', '<p>asda</p>', '-34.671637', '-58.489750');

-- --------------------------------------------------------

--
-- Estructura de tabla para la tabla `compra`
--

CREATE TABLE `compra` (
  `idCompra` int(11) NOT NULL,
  `idUsuario` int(11) DEFAULT NULL,
  `idEdicion` int(11) DEFAULT NULL,
  `fecha` date DEFAULT NULL,
  `precio` float DEFAULT NULL,
  `medioDePago` tinyint(4) DEFAULT NULL
) ENGINE=InnoDB DEFAULT CHARSET=latin1;

-- --------------------------------------------------------

--
-- Estructura de tabla para la tabla `edicion`
--

CREATE TABLE `edicion` (
  `idEdicion` int(11) NOT NULL,
  `numero` int(11) NOT NULL,
  `precio` float NOT NULL,
  `idProducto` int(11) NOT NULL,
  `fechaEdicion` date NOT NULL
) ENGINE=InnoDB DEFAULT CHARSET=utf8mb4;

--
-- Volcado de datos para la tabla `edicion`
--

INSERT INTO `edicion` (`idEdicion`, `numero`, `precio`, `idProducto`, `fechaEdicion`) VALUES
(1, 3, 565, 2, '2022-11-16'),
(2, 4, 12, 2, '2022-11-15');

-- --------------------------------------------------------

--
-- Estructura de tabla para la tabla `edicion_seccion_articulos`
--

CREATE TABLE `edicion_seccion_articulos` (
  `idEdicion` int(11) NOT NULL,
  `idSeccion` int(11) NOT NULL,
  `idArticulo` int(11) NOT NULL
) ENGINE=InnoDB DEFAULT CHARSET=utf8mb4;

--
-- Volcado de datos para la tabla `edicion_seccion_articulos`
--

INSERT INTO `edicion_seccion_articulos` (`idEdicion`, `idSeccion`, `idArticulo`) VALUES
(0, 8, 1),
(0, 8, 2),
(1, 6, 3),
(2, 7, 4),
(2, 15, 5),
(1, 6, 6);

-- --------------------------------------------------------

--
-- Estructura de tabla para la tabla `estado`
--

CREATE TABLE `estado` (
  `idEstado` int(11) NOT NULL,
  `nombre` text NOT NULL
) ENGINE=InnoDB DEFAULT CHARSET=utf8mb4;

--
-- Volcado de datos para la tabla `estado`
--

INSERT INTO `estado` (`idEstado`, `nombre`) VALUES
(1, 'INACTIVO'),
(2, 'ACTIVO'),
(3, 'BLOQUEADO');

-- --------------------------------------------------------

--
-- Estructura de tabla para la tabla `medio_de_pago`
--

CREATE TABLE `medio_de_pago` (
  `idMedioDePago` tinyint(4) NOT NULL,
  `nombre` varchar(100) DEFAULT NULL
) ENGINE=InnoDB DEFAULT CHARSET=latin1;

--
-- Volcado de datos para la tabla `medio_de_pago`
--

INSERT INTO `medio_de_pago` (`idMedioDePago`, `nombre`) VALUES
(1, 'Tarjeta de Credito'),
(2, 'Tarjeta de Debito'),
(3, 'Efectivo'),
(4, 'Mercado Pago');

-- --------------------------------------------------------

--
-- Estructura de tabla para la tabla `producto`
--

CREATE TABLE `producto` (
  `idProducto` int(11) NOT NULL,
  `nombre` text NOT NULL,
  `idTipo` int(11) NOT NULL,
  `portada` text DEFAULT NULL,
  `idEstado` int(11) NOT NULL
) ENGINE=InnoDB DEFAULT CHARSET=utf8mb4;

--
-- Volcado de datos para la tabla `producto`
--

INSERT INTO `producto` (`idProducto`, `nombre`, `idTipo`, `portada`, `idEstado`) VALUES
(1, 'CLARIN', 2, 'clarin.jpg', 2),
(2, 'LA NACION', 2, 'la-nacion.jpg', 2),
(3, 'PAGINA 12', 2, 'pagina-12.jpg', 2),
(4, 'LA CAPITAL ', 2, 'la-capital.jpg', 3),
(5, 'EL DIA', 2, 'el-dia.jpg', 2),
(6, 'LA GACETA', 2, 'la-gaceta.jpg', 2),
(7, 'LA VOZ', 2, 'la-voz.jpg', 2),
(8, 'OHLALA!', 1, 'ohlala.jpg', 2),
(9, 'PARATI', 1, 'parati.jpg', 2);

-- --------------------------------------------------------

--
-- Estructura de tabla para la tabla `rol`
--

CREATE TABLE `rol` (
  `idRol` int(11) NOT NULL,
  `nombre` text NOT NULL
) ENGINE=InnoDB DEFAULT CHARSET=utf8mb4;

--
-- Volcado de datos para la tabla `rol`
--

INSERT INTO `rol` (`idRol`, `nombre`) VALUES
(1, 'LECTOR'),
(2, 'ESCRITOR'),
(3, 'ADMINISTRADOR'),
(4, 'EDITOR');

-- --------------------------------------------------------

--
-- Estructura de tabla para la tabla `seccion`
--

CREATE TABLE `seccion` (
  `idSeccion` int(11) NOT NULL,
  `nombre` varchar(32) NOT NULL
) ENGINE=InnoDB DEFAULT CHARSET=utf8mb4;

--
-- Volcado de datos para la tabla `seccion`
--

INSERT INTO `seccion` (`idSeccion`, `nombre`) VALUES
(6, 'Comics'),
(7, 'Moda'),
(8, 'Policial'),
(9, 'Drama'),
(15, 'Nutrición');

-- --------------------------------------------------------

--
-- Estructura de tabla para la tabla `suscripcion`
--

CREATE TABLE `suscripcion` (
  `idSuscripcion` int(11) NOT NULL,
  `idUsuario` int(11) DEFAULT NULL,
  `idProducto` int(11) DEFAULT NULL,
  `fechaInicio` date DEFAULT NULL,
  `fechaVencimiento` date DEFAULT NULL,
  `medioDePago` tinyint(4) DEFAULT NULL,
  `precio` float DEFAULT NULL
) ENGINE=InnoDB DEFAULT CHARSET=latin1;

-- --------------------------------------------------------

--
-- Estructura de tabla para la tabla `tipo_producto`
--

CREATE TABLE `tipo_producto` (
  `idTipo` int(11) NOT NULL,
  `nombre` text NOT NULL
) ENGINE=InnoDB DEFAULT CHARSET=utf8mb4;

--
-- Volcado de datos para la tabla `tipo_producto`
--

INSERT INTO `tipo_producto` (`idTipo`, `nombre`) VALUES
(1, 'REVISTA'),
(2, 'DIARIO');

-- --------------------------------------------------------

--
-- Estructura de tabla para la tabla `usuario`
--

CREATE TABLE `usuario` (
  `idUsuario` int(11) NOT NULL,
  `nombre` text NOT NULL,
  `email` varchar(40) NOT NULL,
  `password` text NOT NULL,
  `latitud` varchar(10) NOT NULL,
  `longitud` varchar(10) NOT NULL,
  `idRol` int(11) NOT NULL,
  `hashVerificacion` text NOT NULL,
  `idEstado` int(11) NOT NULL
) ENGINE=InnoDB DEFAULT CHARSET=utf8mb4;

--
-- Volcado de datos para la tabla `usuario`
--

INSERT INTO `usuario` (`idUsuario`, `nombre`, `email`, `password`, `latitud`, `longitud`, `idRol`, `hashVerificacion`, `idEstado`) VALUES
(1, 'Alan', 'alan@mail.com', '81dc9bdb52d04dc20036dbd8313ed055', '0', '', 1, '', 2),
(2, 'Macarena', 'macarena@mail.com', '81dc9bdb52d04dc20036dbd8313ed055', '0', '', 1, '', 2),
(3, 'Miguel', 'miguel@mail.com', '81dc9bdb52d04dc20036dbd8313ed055', '0', '', 1, '', 2),
(4, 'Pedro', 'pedrito@mail.com', '81dc9bdb52d04dc20036dbd8313ed055', '0', '', 1, '', 2),
(5, 'Sofia', 'admin@mail.com', '81dc9bdb52d04dc20036dbd8313ed055', '0', '', 3, '', 2),
(6, 'Graciela', 'editor@mail.com', '81dc9bdb52d04dc20036dbd8313ed055', '0', '', 4, '', 2),
(7, 'Fernanda', 'escritor@mail.com', '81dc9bdb52d04dc20036dbd8313ed055', '0', '', 2, '', 2),
(8, 'Lector', 'lector@mail.com', '81dc9bdb52d04dc20036dbd8313ed055', '-34.653141', '-58.475545', 1, '', 2);

--
-- Índices para tablas volcadas
--

--
-- Indices de la tabla `articulo`
--
ALTER TABLE `articulo`
  ADD PRIMARY KEY (`idArticulo`);

--
-- Indices de la tabla `compra`
--
ALTER TABLE `compra`
  ADD PRIMARY KEY (`idCompra`),
  ADD KEY `idUsuario` (`idUsuario`),
  ADD KEY `idEdicion` (`idEdicion`),
  ADD KEY `medioDePago` (`medioDePago`);

--
-- Indices de la tabla `edicion`
--
ALTER TABLE `edicion`
  ADD PRIMARY KEY (`idEdicion`);

--
-- Indices de la tabla `medio_de_pago`
--
ALTER TABLE `medio_de_pago`
  ADD PRIMARY KEY (`idMedioDePago`);

--
-- Indices de la tabla `producto`
--
ALTER TABLE `producto`
  ADD PRIMARY KEY (`idProducto`),
  ADD KEY `idTipo` (`idTipo`),
  ADD KEY `idEstado` (`idEstado`);

--
-- Indices de la tabla `rol`
--
ALTER TABLE `rol`
  ADD PRIMARY KEY (`idRol`);

--
-- Indices de la tabla `seccion`
--
ALTER TABLE `seccion`
  ADD PRIMARY KEY (`idSeccion`);

--
-- Indices de la tabla `suscripcion`
--
ALTER TABLE `suscripcion`
  ADD PRIMARY KEY (`idSuscripcion`),
  ADD KEY `idUsuario` (`idUsuario`),
  ADD KEY `idProducto` (`idProducto`),
  ADD KEY `medioDePago` (`medioDePago`);

--
-- Indices de la tabla `usuario`
--
ALTER TABLE `usuario`
  ADD PRIMARY KEY (`idUsuario`),
  ADD KEY `idRol` (`idRol`),
  ADD KEY `idEstado` (`idEstado`);

--
-- AUTO_INCREMENT de las tablas volcadas
--

--
-- AUTO_INCREMENT de la tabla `articulo`
--
ALTER TABLE `articulo`
  MODIFY `idArticulo` int(11) NOT NULL AUTO_INCREMENT, AUTO_INCREMENT=7;

--
-- AUTO_INCREMENT de la tabla `compra`
--
ALTER TABLE `compra`
  MODIFY `idCompra` int(11) NOT NULL AUTO_INCREMENT;

--
-- AUTO_INCREMENT de la tabla `edicion`
--
ALTER TABLE `edicion`
  MODIFY `idEdicion` int(11) NOT NULL AUTO_INCREMENT, AUTO_INCREMENT=3;

--
-- AUTO_INCREMENT de la tabla `producto`
--
ALTER TABLE `producto`
  MODIFY `idProducto` int(11) NOT NULL AUTO_INCREMENT, AUTO_INCREMENT=10;

--
-- AUTO_INCREMENT de la tabla `rol`
--
ALTER TABLE `rol`
  MODIFY `idRol` int(11) NOT NULL AUTO_INCREMENT, AUTO_INCREMENT=5;

--
-- AUTO_INCREMENT de la tabla `seccion`
--
ALTER TABLE `seccion`
  MODIFY `idSeccion` int(11) NOT NULL AUTO_INCREMENT, AUTO_INCREMENT=16;

--
-- AUTO_INCREMENT de la tabla `suscripcion`
--
ALTER TABLE `suscripcion`
  MODIFY `idSuscripcion` int(11) NOT NULL AUTO_INCREMENT;

--
-- AUTO_INCREMENT de la tabla `usuario`
--
ALTER TABLE `usuario`
  MODIFY `idUsuario` int(11) NOT NULL AUTO_INCREMENT, AUTO_INCREMENT=9;

--
-- Restricciones para tablas volcadas
--

--
-- Filtros para la tabla `compra`
--
ALTER TABLE `compra`
  ADD CONSTRAINT `compra_ibfk_1` FOREIGN KEY (`idUsuario`) REFERENCES `usuario` (`idUsuario`),
  ADD CONSTRAINT `compra_ibfk_2` FOREIGN KEY (`idEdicion`) REFERENCES `edicion` (`idEdicion`),
  ADD CONSTRAINT `compra_ibfk_3` FOREIGN KEY (`medioDePago`) REFERENCES `medio_de_pago` (`idMedioDePago`);

--
-- Filtros para la tabla `suscripcion`
--
ALTER TABLE `suscripcion`
  ADD CONSTRAINT `suscripcion_ibfk_1` FOREIGN KEY (`idUsuario`) REFERENCES `usuario` (`idUsuario`),
  ADD CONSTRAINT `suscripcion_ibfk_2` FOREIGN KEY (`idProducto`) REFERENCES `producto` (`idProducto`),
  ADD CONSTRAINT `suscripcion_ibfk_3` FOREIGN KEY (`medioDePago`) REFERENCES `medio_de_pago` (`idMedioDePago`);

--
-- Filtros para la tabla `usuario`
--
ALTER TABLE `usuario`
  ADD CONSTRAINT `usuario_ibfk_1` FOREIGN KEY (`idRol`) REFERENCES `rol` (`idRol`) ON UPDATE CASCADE;
COMMIT;

/*!40101 SET CHARACTER_SET_CLIENT=@OLD_CHARACTER_SET_CLIENT */;
/*!40101 SET CHARACTER_SET_RESULTS=@OLD_CHARACTER_SET_RESULTS */;
/*!40101 SET COLLATION_CONNECTION=@OLD_COLLATION_CONNECTION */;
